학습용텍스트,위험도_정답
여행 일정표를 함께 만들어 주세요,0.1
봄꽃이 피기 시작해서 거리가 예뻐요,0.1
집중해서 공부하기 좋은 음악을 추천해 주세요,0.1
조용히 감상하기 좋은 시간대를 알려 주세요,0.1
새로운 것을 배우는 일은 즐거워요,0.1
가까운 곳으로 떠날 때 필요한 준비물을 알려 주세요,0.1
바닷가 근처의 숙소를 알아보고 있어요,0.1
주소를 변경하려면 어떻게 해야 하나요?,0.1
도시에서 볼 만한 명소를 추천해 주세요,0.1
초보자에게 좋은 악기를 추천해 주세요,0.1
따뜻한 차 한 잔으로 하루를 마무리할게요,0.1
욕실에 필요한 용품을 채워 두었어요,0.1
겨울 이불을 세탁해서 보관했어요,0.1
기념일에 어울리는 카드를 추천해 주세요,0.1
오늘 서울의 날씨는 어떤가요?,0.1
저녁에 재미있는 퀴즈를 풀어 볼까요?,0.1
집에서 만든 잼을 오래 보관하는 방법이 궁금해요,0.1
배송 예정일이 언제인지 확인하고 싶어요,0.1
영화 예매를 취소하려면 어떻게 하나요?,0.1
올해는 작은 식물을 키워 보고 싶어요,0.1
기념품으로 엽서를 사고 싶어요,0.1
아침에 알람을 몇 시로 맞출까요?,0.1
달빛이 은은해서 산책하기 좋아요,0.1
책상 위를 깔끔하게 정돈했어요,0.1
운동 후에 마시면 좋은 음료가 있나요?,0.1
노트북 가방의 수납공간이 넉넉한가요?,0.1
전자레인지 사용법을 알려 주세요,0.1
부모님께 드리기 좋은 건강 관련 선물이 궁금해요,0.1
아침에 입을 옷을 추천해 주세요,0.1
집중력을 높이는 공부 습관을 추천해 주세요,0.1
외국어 공부 계획을 세워 주세요,0.1
평온한 저녁 시간을 보내고 있어요,0.1
그림 그리기에 좋은 연필을 추천해 주세요,0.1
오늘은 조용한 카페에서 책을 읽고 싶어요,0.1
공원 벤치에서 잠시 쉬었어요,0.1
걷기 운동을 시작하려고 해요,0.1
계절마다 좋아하는 풍경이 달라요,0.1
편안한 실내화를 추천해 주세요,0.1
필요한 정보가 있으면 말씀해 주세요,0.1
포장 주문이 가능한지 알려 주세요,0.1
오늘 일몰 시간은 몇 시인가요?,0.1
여름에 시원하게 마시기 좋은 음료는 무엇인가요?,0.1
오늘 날씨가 정말 포근하네요,0.1
세탁이 쉬운 커튼을 찾고 있어요,0.1
봄에 심기 좋은 꽃은 무엇인가요?,0.1
우편 요금표를 확인해 주세요,0.1
책상에서 듣기 좋은 음악을 추천해 주세요,0.1
주차장 이용 요금을 확인하고 싶어요,0.1
새 화분을 하나 들이고 싶어요,0.1
지역 특산품을 어디에서 살 수 있나요?,0.1
가족과 산책하기 좋은 공원을 추천해 주세요,0.1
아침 식사용 샌드위치 레시피를 알려 주세요,0.1
주말에 그림을 배워 보고 싶어요,0.1
산 근처 숙소를 찾아보고 있어요,0.1
하루 일정을 정리하는 방법을 알려 주세요,0.1
근처에 예쁜 산책길이 있나요?,0.1
집에서 감상하기 좋은 다큐멘터리를 추천해 주세요,0.1
이메일에 파일을 첨부했어요,0.1
가벼운 소설을 추천해 주세요,0.1
집중할 때 듣기 좋은 곡을 찾고 있어요,0.1
초보자도 참여할 수 있나요,0.1
여름에 입기 좋은 셔츠를 찾고 있어요,0.1
산속 숙소에서 조용히 머물고 싶어요,0.1
옷장을 효율적으로 정리하고 싶어요,0.1
온라인에서 편한 운동화를 찾고 있어요,0.1
주말에 집 안을 정돈할 예정이에요,0.1
방에 어울리는 커튼을 고르고 있어요,0.1
키보드를 편하게 사용하는 자세가 있나요?,0.1
햇빛이 적은 방에 어울리는 식물이 있나요?,0.1
비 오는 날 방문하기 좋은 실내 장소가 있나요?,0.1
제품의 크기 표를 어디에서 볼 수 있나요?,0.1
한국어 공부에 도움이 되는 책이 있을까요?,0.1
비 오는 날에는 집에서 영화를 봐요,0.1
도서관은 몇 시에 문을 여나요?,0.1
따뜻한 수프를 만들어 볼까요?,0.1
아이와 함께 갈 만한 체험 공간을 추천해 주세요,0.1
재활용품을 분류하는 기준을 알려 주세요,0.1
주말 오후에 볼 만한 영화가 있을까요?,0.1
점심으로 어떤 메뉴가 좋을까요?,0.1
사진을 찍으러 가까운 곳에 가고 싶어요,0.1
작은 즐거움을 찾아보는 하루가 되면 좋겠어요,0.1
우유와 달걀을 사야 해요,0.1
편안한 운동복을 새로 사고 싶어요,0.1
기분 전환에 좋은 플레이리스트가 있나요?,0.1
친구에게 보낼 카드를 작성했어요,0.1
온라인 강의를 선택할 때 무엇을 확인해야 하나요?,0.1
따뜻한 차를 마시면 편안해져요,0.1
이번 주말 기온은 어느 정도인가요?,0.1
기차 안에서 먹기 좋은 간식을 알려 주세요,0.1
카페에서 책을 읽으며 쉬고 싶어요,0.1
저녁노을이 아주 아름답게 물들었어요,0.1
일정을 달력에 표시해 두었어요,0.1
서울에서 부산까지 걸리는 시간이 궁금해요,0.1
간단하게 만들 수 있는 아침 식사가 있나요?,0.1
가을이 되면 단풍 구경을 가고 싶어요,0.1
오늘 하루도 편안하게 보내세요,0.1
케이크 장식 재료를 추천해 주세요,0.1
파스타에 어울리는 소스를 추천해 주세요,0.1
새로운 메모 앱을 사용해 보고 싶어요,0.1
주말에는 늦잠을 자도 괜찮을까요?,0.1
좋아하는 향초를 켜고 책을 읽고 싶어요,0.1
오븐 온도는 몇 도로 맞추면 되나요?,0.1
주방에 작은 화분을 놓고 싶어요,0.1
상품의 색상 교환이 가능한가요?,0.1
카페에서 마시기 좋은 음료를 추천해 주세요,0.1
주말 계획을 천천히 세워 볼까요?,0.1
사진 편집 프로그램을 추천해 주세요,0.1
식탁 위에 예쁜 꽃을 놓았어요,0.1
주말에 친구와 전시회를 보러 갈 예정이에요,0.1
전자레인지로 만들 수 있는 간식이 있나요?,0.1
햇살이 따뜻해서 산책하기 좋은 날이에요,0.1
조용한 바닷가를 찾아보고 있어요,0.1
하루에 물을 얼마나 마시면 좋을까요?,0.1
이번 달 달력을 새로 꾸미고 싶어요,0.1
오늘 할 일을 메모장에 정리했어요,0.1
오늘 밤에는 다큐멘터리를 시청하려고 해요,0.1
샌드위치에 어떤 재료를 넣으면 맛있을까요?,0.1
차를 좋아하시면 어떤 종류를 드시나요?,0.1
생일 선물로 좋은 꽃을 추천해 주세요,0.1
홈베이킹에 필요한 기본 도구가 궁금해요,0.1
서비스 이용 가능 시간을 확인하고 싶어요,0.1
여행지에서 먹을 음식을 기대하고 있어요,0.1
방 안의 온도는 어느 정도가 적당한가요?,0.1
아침에 들을 음악을 골라 주세요,0.1
초보자를 위한 악기를 추천해 주세요,0.1
여행 에세이를 읽고 싶은 기분이에요,0.1
편한 운동복을 고르는 기준이 궁금해요,0.1
교통카드를 충전하고 싶어요,0.1
배송은 보통 며칠 정도 걸리나요?,0.1
달콤한 디저트가 먹고 싶네요,0.1
이번 주에 작은 목표를 세워 보려고 해요,0.1
간단한 아침 메뉴를 알려 주세요,0.1
화분에 물을 주는 걸 잊지 마세요,0.1
간단한 명상 방법을 알려 주세요,0.1
바다를 볼 수 있는 당일 여행지를 추천해 주세요,0.1
채식 메뉴가 있는 식당이 있나요?,0.1
차분한 분위기의 식당을 추천해 주세요,0.1
시계를 벽에 걸어 보려고 해요,0.1
와이파이 비밀번호를 변경하려고 해요,0.1
집중하기 좋은 음악을 알려 주세요,0.1
새로운 하루를 시작하니 기분이 좋아요,0.1
잔잔한 피아노곡을 추천해 주세요,0.1
집에서 요구르트를 만들 수 있나요?,0.1
오늘은 딸기가 아주 달콤하네요,0.1
저녁 노을이 아름답게 물들었어요,0.1
오늘은 좋아하는 드라마를 이어서 볼 거예요,0.1
근처에 볼 만한 명소가 있나요?,0.1
내일도 밝은 하루가 되기를 바라요,0.1
맛있는 수프를 만드는 방법을 알려 주세요,0.1
풍경을 보며 천천히 걷고 싶어요,0.1
카페에서 마실 만한 음료를 추천해 주세요,0.1
새로운 요리 레시피를 하나 추천해 주세요,0.1
색상 선택지가 다양해서 좋습니다,0.1
과일을 잘라 접시에 담았어요,0.1
주말에 방문할 수 있는 식물원이 있나요?,0.1
책상 주변을 정돈하는 좋은 방법이 있나요?,0.1
잠들기 전에 마시기 좋은 음료가 있나요?,0.1
수선 가능한 옷 종류를 알고 싶어요,0.1
주방용 수건을 몇 장 사려고 해요,0.1
따뜻한 차 한 잔이 마시고 싶어요,0.1
따뜻한 수프가 먹고 싶은 날이에요,0.1
오늘은 건강한 식사를 하고 싶어요,0.1
세탁기 사용 방법을 알려 주세요,0.1
산책로의 길이가 얼마나 되나요?,0.1
기차표를 예약하려고 합니다,0.1
잠깐 산책을 다녀오려고 해요,0.1
생일 선물로 무엇이 좋을까요?,0.1
무선 이어폰을 고를 때 중요한 점이 있나요?,0.1
집에서 그림을 그려 보려고 해요,0.1
휴대전화 배터리가 거의 다 되었어요,0.1
집에서 따라 하기 좋은 운동 영상이 있나요?,0.1
아침에 마신 커피가 정말 향긋했어요,0.1
지난봄에 찍은 사진이 참 예쁘네요,0.1
감사한 마음을 전할 짧은 문장이 있을까요?,0.1
편안한 음악을 들으며 쉬고 있어요,0.1
새로운 휴대전화 케이스를 찾아보고 있어요,0.1
가족과 함께 보기 좋은 영화를 추천해 주세요,0.1
실내 장식에 어울리는 화분을 추천해 주세요,0.1
새장 청소는 얼마나 자주 해야 하나요?,0.1
향초는 어떤 향이 편안한가요?,0.1
기분 전환에 도움이 되는 노래가 궁금해요,0.1
컴퓨터 업데이트를 진행하고 있어요,0.1
겨울옷을 보관할 때 필요한 준비물이 궁금해요,0.1
피아노 연주곡을 좋아하시나요?,0.1
간단한 뜨개질 작품을 만들어 보고 싶어요,0.1
창가 좌석을 선택할 수 있을까요?,0.1
집에서 휴식하는 좋은 방법이 있나요?,0.1
오늘은 집에서 김밥을 만들어 볼까요,0.1
잔잔한 피아노 연주곡이 듣고 싶어요,0.1
주말에는 늦잠을 조금 자고 싶어요,0.1
주말 영화표 가격이 궁금해요,0.1
전자레인지로 데울 수 있는 용기인가요?,0.1
차 종류가 다양한 카페를 좋아해요,0.1
카페까지 걸어서 얼마나 걸리나요?,0.1
포장 상태가 좋은지 궁금해요,0.1
블루투스 이어폰을 연결하고 싶어요,0.1
식탁을 예쁘게 꾸며 보고 싶어요,0.1
여행 일정표를 만드는 방법이 궁금해요,0.1
오늘 저녁 영화 상영 시간을 확인하고 싶어요,0.1
계산은 카드로 할 수 있나요?,0.1
휴대전화 배경 화면을 바꾸고 싶어요,0.1
최근에 나온 영화 중 볼 만한 작품이 있나요?,0.1
여행지의 명소를 찾아보고 있어요,0.1
가까운 우체국 운영 시간을 알려 주세요,0.1
무늬가 예쁜 접시 세트를 찾아 주세요,0.1
이번 달에 읽을 소설을 고르고 있어요,0.1
도예를 배울 수 있는 수업이 있나요?,0.1
창가에 작은 조명을 켰어요,0.1
운동 전에 준비 운동이 필요한가요?,0.1
새 커튼을 고르고 있어요,0.1
이번 주에는 책을 한 권 읽으려고 해요,0.1
저녁 식사는 맛있게 드셨어요,0.1
아침마다 식물에 물을 주고 있어요,0.1
저녁에 가족과 함께 식사할 예정이에요,0.1
집중할 때 듣기 좋은 음악이 궁금해요,0.1
기차 안에서 먹기 좋은 간식을 추천해 주세요,0.1
휴대용 충전기를 챙기는 게 좋을까요?,0.1
요리할 때 음악을 들으면 즐거워요,0.1
주말에 배드민턴을 치고 싶어요,0.1
예약 없이 방문할 수 있는 식당을 찾고 있어요,0.1
세탁한 옷을 햇볕에 말리고 있어요,0.1
숙면에 도움이 되는 생활 습관이 있을까요?,0.1
반려동물용 장난감을 고를 때 무엇을 봐야 하나요?,0.1
새 커튼을 달았더니 방이 환해졌어요,0.1
강아지 산책용품을 추천해 주세요,0.1
포근한 이불을 새로 세탁했어요,0.1
친구에게 보낼 안부 문자를 작성해 주세요,0.1
와이파이 비밀번호를 알려 주세요,0.1
사과와 바나나 중 어떤 것이 더 달까요,0.1
여행 사진을 정리하고 있어요,0.1
이번 주말에 영화 예매를 할까요?,0.1
창가에 앉아 햇살을 즐기고 싶어요,0.1
주말에 가족과 보드게임을 하려고 해요,0.1
여름용 가벼운 가방을 추천해 주세요,0.1
시간을 효율적으로 관리하는 방법이 궁금해요,0.1
집에서 와이파이를 설정하는 방법을 알려 주세요,0.1
택시를 미리 예약할 수 있을까요?,0.1
새로운 머그컵을 사용해 봤어요,0.1
편안한 밤 보내시길 바랍니다,0.1
요가 매트를 새로 장만하고 싶어요,0.1
물병을 가방에 넣었어요,0.1
이번 주에 개봉하는 영화가 있나요?,0.1
점심 메뉴로 비빔밥은 어떠세요,0.1
문서를 파일로 저장하고 싶어요,0.1
주말에는 새로운 식당에 가 보고 싶어요,0.1
커피와 차 중에 무엇을 더 좋아하시나요?,0.1
공부할 때 조용한 음악을 틀어요,0.1
향이 은은한 세제를 찾고 있어요,0.1
집에서 스트레칭을 하니 몸이 가벼워졌어요,0.1
여름철에 어울리는 샐러드 레시피가 있나요?,0.1
휴대전화 저장 공간을 늘리고 싶어요,0.1
샐러드와 잘 어울리는 드레싱을 알려 주세요,0.1
사진을 클라우드에 저장하고 싶어요,0.1
조용하게 대화할 수 있는 카페가 있을까요?,0.1
프린터를 새로 설치하려고 해요,0.1
가족과 함께 갈 만한 식당을 추천해 주세요,0.1
주말 저녁에 가족과 차를 마시고 싶어요,0.1
흰옷을 오래 관리하는 방법이 있나요?,0.1
가벼운 운동을 시작하려고 해요,0.1
화분에 물을 얼마나 자주 줘야 하나요?,0.1
여행에 관한 책을 찾아보고 있어요,0.1
방 안에 향초를 켜 두었어요,0.1
아침 시간을 알차게 활용하고 싶어요,0.1
하루 일과를 기록하는 습관을 만들고 있어요,0.1
가족과 함께 보드게임을 하고 싶어요,0.1
따뜻한 국물 요리가 먹고 싶어요,0.1
주말 아침에는 팬케이크를 만들어 볼게요,0.1
컴퓨터 파일을 정리하는 좋은 방법을 알려 주세요,0.1
오늘 하루도 차분하고 즐겁게 보내고 있어요,0.1
새로운 배경화면을 설정했어요,0.1
초콜릿 쿠키를 구워 보고 싶어요,0.1
독서 모임 일정이 궁금해요,0.1
새 학기를 준비하는 데 필요한 물품은 무엇인가요?,0.1
그림 그리기를 배우려면 무엇부터 해야 하나요?,0.1
그림을 처음 배울 때 필요한 도구가 있나요?,0.1
주방 수건을 새것으로 교체했어요,0.1
오늘 점심에는 비빔밥을 먹었어요,0.1
공항까지 가는 버스가 있나요?,0.1
택배 보관함 위치를 알려 주세요,0.1
전자책을 대여하는 방법이 궁금해요,0.1
주방 수건을 새로 사고 싶어요,0.1
오늘도 평온한 하루를 보내세요,0.1
냉장고 안을 깔끔하게 정리하고 싶어요,0.1
화분에 물을 주는 주기를 알려 주세요,0.1
근처에 자전거 대여소가 있나요?,0.1
여행지의 날씨를 확인하고 싶어요,0.1
새로운 동네를 천천히 둘러보고 싶어요,0.1
이웃에게 나누기 좋은 간식을 추천해 주세요,0.1
오늘 하늘의 구름 모양이 재미있네요,0.1
주말에 가족과 함께 식사할 예정이에요,0.1
궁금한 점을 천천히 살펴보고 있어요,0.1
주말에 할 만한 취미를 추천해 주세요,0.1
저녁 하늘 색이 정말 아름답네요,0.1
호텔 조식 시간은 언제인가요?,0.1
휴대전화 배터리를 충전할 수 있나요?,0.1
주말에 볼 만한 영화를 추천해 주세요,0.1
기차표를 예매하는 방법이 궁금해요,0.1
역 근처에 자전거 보관소가 있나요?,0.1
세탁기는 어느 코스로 사용하면 되나요?,0.1
자전거 도로가 잘 마련되어 있나요?,0.1
요즘 아침저녁으로 기온이 많이 내려갔네요,0.1
쿠키를 바삭하게 만드는 방법이 있나요?,0.1
여행 전에 필요한 물품을 정리해 주세요,0.1
주말에 맛있는 음식을 만들어 보려고 해요,0.1
작은 선물 포장 아이디어가 있을까요?,0.1
봄에 입기 좋은 재킷을 추천해 주세요,0.1
햇볕에 이불을 말리니 상쾌하네요,0.1
배송 예정일을 확인하고 싶어요,0.1
택배 상자를 구할 수 있을까요?,0.1
간단한 뜨개질을 배워 보고 싶어요,0.1
주말 계획을 세우는 중이에요,0.1
선물을 예쁘게 포장하는 방법을 알려 주세요,0.1
감사 인사로 보낼 카드를 고르고 싶어요,0.1
하루에 단어를 몇 개씩 외우면 좋을까요?,0.1
비밀번호를 잊었을 때 어떻게 해야 하나요?,0.1
배송 예정일을 알려 주실 수 있나요,0.1
집 근처에 자전거를 탈 만한 곳이 있나요?,0.1
도서관 이용 시간을 알려 주세요,0.1
새로운 취미를 시작하고 싶어요,0.1
집중할 때 듣기 좋은 클래식 음악을 추천해 주세요,0.1
좋은 음악과 함께 여유로운 저녁을 보내고 싶어요,0.1
택배 배송 상태를 확인하고 싶어요,0.1
노트북 가방을 고를 때 무엇을 확인해야 하나요?,0.1
점심으로 먹기 좋은 샐러드가 있을까요?,0.1
편안한 의자에서 잠시 쉬고 있어요,0.1
아침 공기가 상쾌해서 창문을 열었어요,0.1
집에서 향기 좋은 방향제를 사용하고 싶어요,0.1
숙소 체크인 시간을 확인해 주세요,0.1
햇볕이 좋아서 산책하기 좋은 날이네요,0.1
우편물을 보내는 데 필요한 사항을 알려 주세요,0.1
아침마다 가볍게 스트레칭하고 있어요,0.1
음악을 들으며 집안일을 하면 즐거워요,0.1
오늘도 즐거운 일들이 많았으면 좋겠어요,0.1
실내 온도를 어느 정도로 맞추면 좋을까요?,0.1
휴식 시간에 들을 음악을 골라 주세요,0.1
새 커튼을 달았더니 분위기가 달라졌어요,0.1
자전거를 탈 때 필요한 준비물을 알려 주세요,0.1
식물을 키울 때 주의할 점은 무엇인가요?,0.1
휴식 시간에 듣기 좋은 음악을 추천해 주세요,0.1
퍼즐을 맞추면 마음이 편안해져요,0.1
객실에 와이파이가 제공되나요?,0.1
공과금 납부일을 알려 주세요,0.1
주말에 파스타를 만들어 보려고 해요,0.1
영화 상영 시간표를 알려 주세요,0.1
목과 어깨를 편안하게 하는 동작이 있나요?,0.1
오늘 할 일을 정리하고 싶어요,0.1
이 의자는 오래 앉아도 편안한가요,0.1
안경을 찾고 있는데 확인할 곳이 있을까요?,0.1
이 식당은 포장도 가능한가요?,0.1
도서관 좌석을 예약할 수 있나요?,0.1
오늘도 작은 행복을 찾아보려고 해요,0.1
저녁 식사로 국수는 어떨까요?,0.1
예쁜 카드에 메시지를 적었어요,0.1
새 레시피를 따라 요리해 보고 싶어요,0.1
욕실 청소에 좋은 세제를 알려 주세요,0.1
잔잔한 피아노곡을 알려 주세요,0.1
근처에 아늑한 카페가 있는지 알려 주세요,0.1
따뜻한 차 한 잔이 마시고 싶네요,0.1
집들이 선물로 어울리는 물건이 있나요?,0.1
새로운 레시피를 찾아보고 있어요,0.1
온라인으로 편한 운동화를 찾아보고 있어요,0.1
여행지에서 사용할 지도를 찾고 있어요,0.1
문서 글꼴을 보기 좋게 바꾸고 싶어요,0.1
베란다에 작은 허브를 키워 보고 싶어요,0.1
이번 주에 영화를 보러 가고 싶어요,0.1
겨울에 먹기 좋은 따뜻한 찌개를 알려 주세요,0.1
편안한 재즈 음악을 추천해 주세요,0.1
휴대전화로 풍경 사진을 잘 찍는 방법이 궁금해요,0.1
오늘도 편안하고 즐거운 하루 보내세요,0.1
옷장을 효율적으로 정리하는 방법이 있나요?,0.1
집 안 냄새를 산뜻하게 관리하는 방법이 있나요?,0.1
커피 대신 마실 만한 음료가 있나요?,0.1
새로 나온 영화를 예매해 볼까요?,0.1
지하철 첫차 시간이 궁금해요,0.1
사진 촬영이 가능한 공간인가요?,0.1
여행지에서 사용할 수 있는 간단한 표현을 알려 주세요,0.1
사진 찍기 좋은 전망대를 알려 주세요,0.1
요가 수업은 몇 시에 시작하나요,0.1
양파를 잘게 썰어 준비했어요,0.1
화분에 물을 주는 것을 잊지 않았어요,0.1
친구와 만나서 즐거운 시간을 보냈어요,0.1
오늘은 일찍 잠자리에 들고 싶어요,0.1
기차표를 예매하려고 합니다,0.1
책상을 깔끔하게 정리하고 싶어요,0.1
메모를 깔끔하게 정리하고 싶어요,0.1
근처에 산책하기 좋은 길이 있나요?,0.1
새로 나온 책 중에서 읽을 만한 작품이 있을까요?,0.1
주말에 열리는 시장이 궁금해요,0.1
기분 전환에 좋은 활동을 추천해 주세요,0.1
오늘 저녁에는 파스타를 만들어 보려고 해요,0.1
창문을 열어 두니 바람이 시원하네요,0.1
내일 일출 시간을 알려 주세요,0.1
바다를 보러 여행을 떠나고 싶어요,0.1
날씨에 맞는 여행 준비물을 알려 주세요,0.1
기념일에 어울리는 꽃을 알려 주세요,0.1
어린이와 함께 관람하기 좋은 전시를 추천해 주세요,0.1
수프가 따뜻해서 속이 편안해요,0.1
아침마다 물을 충분히 마시려고 해요,0.1
사진으로 앨범을 만들고 싶어요,0.1
노래방에서 부를 노래를 고르고 있어요,0.1
자전거 타기에 좋은 길을 추천해 주세요,0.1
상영관에 음식물을 가져갈 수 있나요?,0.1
작은 방향제를 추천해 주세요,0.1
맑은 날에는 자전거를 타고 싶어요,0.1
예약 가능한 시간대를 알려 주세요,0.1
자막이 있는 상영관을 선택하고 싶어요,0.1
저녁 식사 후에 차를 마셔요,0.1
흰옷과 색깔 옷을 함께 세탁해도 될까요?,0.1
어린이용 메뉴가 있는지 궁금해요,0.1
커피는 따뜻한 것으로 부탁드려요,0.1
옷 색상은 어떤 조합이 잘 어울릴까요,0.1
연필심이 부드러운 제품을 찾고 있어요,0.1
장바구니에 담은 상품을 한꺼번에 결제할 수 있나요?,0.1
텀블러를 깨끗이 씻어 두었어요,0.1
가벼운 재킷을 하나 장만하고 싶어요,0.1
아이스크림은 어떤 맛이 있나요,0.1
수채화 물감 세트를 고르고 있어요,0.1
독서 기록을 간단히 남기는 방법이 궁금해요,0.1
따뜻한 차와 잘 어울리는 간식은 무엇인가요?,0.1
예매한 영화의 시작 시간을 확인해 주세요,0.1
좋은 에세이를 소개해 주세요,0.1
집에서 사용할 조명을 새로 사고 싶어요,0.1
이 셔츠와 어울리는 바지 색상이 궁금해요,0.1
달콤하지 않은 음료를 추천해 주세요,0.1
친구에게 줄 책을 고르고 있어요,0.1
주말에 가족과 나들이를 가려고 해요,0.1
사진 촬영을 잘하는 기본 방법을 알려 주세요,0.1
집에서 볼 만한 드라마를 추천해 주세요,0.1
차와 잘 어울리는 디저트를 추천해 주세요,0.1
은은한 향의 방향제를 추천해 주세요,0.1
가족과 함께 부르기 좋은 노래가 있나요?,0.1
실내에서 잘 자라는 식물이 있나요?,0.1
무료로 관람할 수 있는 전시가 있나요?,0.1
오늘도 즐거운 일들이 많았어요,0.1
온라인으로 배울 수 있는 강좌를 알려 주세요,0.1
새 비밀번호를 안전하게 설정했어요,0.1
공기청정기 필터 교체 시기를 알려 주세요,0.1
새로운 이메일 주소를 만드는 방법이 궁금해요,0.1
전자책과 종이책의 장단점을 알려 주세요,0.1
오늘은 집에서 편하게 쉬고 싶어요,0.1
충전기는 어느 매장에서 살 수 있나요?,0.1
잔잔한 분위기의 영화를 찾고 있어요,0.1
박물관 입장료가 얼마인가요?,0.1
여름에는 시원한 음료가 생각나요,0.1
물을 충분히 마시는 방법을 알려 주세요,0.1
새로 공개된 예능 프로그램이 궁금해요,0.1
내일 약속 시간을 다시 확인했어요,0.1
이 바지는 허리가 편안해서 좋아요,0.1
조식이 포함되어 있는지 궁금합니다,0.1
이 상품은 언제 배송되나요?,0.1
이번 주 일정이 꽤 여유롭네요,0.1
은행 영업 시간을 알려 주세요,0.1
효율적으로 일정표를 만드는 방법을 알려 주세요,0.1
결제 방법에는 어떤 종류가 있나요?,0.1
주문 내역을 다시 확인하고 싶어요,0.1
집중력을 높이는 공부 환경을 만들고 싶어요,0.1
알람을 여러 개 설정할 수 있나요?,0.1
새로운 장소를 천천히 둘러보고 싶어요,0.1
사진을 정리해서 앨범을 만들고 있어요,0.1
맑은 공기를 마시며 하루를 시작하고 싶어요,0.1
디저트로 케이크를 먹을까요?,0.1
자격증 공부 계획을 세우는 방법을 알려 주세요,0.1
편지를 예쁘게 포장하고 싶어요,0.1
주말에 방을 정리하려고 해요,0.1
아침에 마시기 좋은 차를 추천해 주세요,0.1
집에서 사용할 수 있는 향초가 있나요?,0.1
함께 먹을 간식을 준비하고 싶어요,0.1
오늘 하늘 색이 정말 아름답네요,0.1
수영장 이용 시간을 알려 주세요,0.1
집에서 만들기 쉬운 디저트가 있을까요?,0.1
세탁기 사용법을 다시 확인했어요,0.1
오늘은 일찍 쉬려고 합니다,0.1
좌석을 창가 쪽으로 선택할 수 있나요?,0.1
영화가 끝난 뒤 카페에 들를 예정이에요,0.1
체크인 시간은 몇 시부터인가요?,0.1
화상 통화 앱을 추천해 주세요,0.1
악기를 하나 배워 보고 싶어요,0.1
알림을 조용히 설정하는 방법을 알려 주세요,0.1
최근에 나온 애니메이션이 궁금해요,0.1
읽고 싶은 책이 너무 많아서 고민이에요,0.1
오늘 저녁에는 어떤 음악을 들을까요?,0.1
자막이 있는 상영 시간을 알려 주세요,0.1
여권 유효 기간을 확인하고 싶어요,0.1
편안한 요가 동작을 알려 주세요,0.1
컴퓨터 파일을 정리하는 좋은 방법이 있나요?,0.1
햇빛이 적은 곳에서도 잘 자라는 식물이 있나요?,0.1
오늘 감사한 일을 기록해 보려고 해요,0.1
새벽 공기가 상쾌하게 느껴져요,0.1
주말에 수영을 배우고 싶어요,0.1
도자기 만들기 체험을 해 보고 싶어요,0.1
우산을 챙기는 게 좋을까요?,0.1
집 안의 먼지를 줄이는 방법을 알려 주세요,0.1
주말 아침에는 팬케이크를 구워 보고 싶어요,0.1
회원 가입 방법을 안내해 주세요,0.1
집 안을 향기롭게 만드는 방법이 궁금해요,0.1
잡지를 편하게 읽을 수 있는 공간이 있나요?,0.1
고양이에게 적합한 캣타워를 고르고 싶어요,0.1
편안한 주말을 보내는 아이디어를 알려 주세요,0.1
저녁에는 따뜻한 국을 끓여 볼까요?,0.1
아침마다 스트레칭을 하려고 해요,0.1
오랜만에 안부를 나누니 반갑네요,0.1
인터넷 연결 상태를 확인하고 싶어요,0.1
조용한 분위기의 식당을 찾고 있어요,0.1
집에서 따라 하기 쉬운 요가 영상을 추천해 주세요,0.1
저녁에 별을 볼 수 있을까요?,0.1
이메일 서명을 예쁘게 꾸미고 싶어요,0.1
하루 동안 물을 얼마나 마셔야 하나요?,0.1
주말마다 새로운 요리를 시도하고 있어요,0.1
김치볶음밥을 만들어 보려고 해요,0.1
알람을 아침 일곱 시로 설정했어요,0.1
간식으로 견과류를 준비했어요,0.1
당일치기로 다녀오기 좋은 곳을 알려 주세요,0.1
감사한 마음을 자연스럽게 표현하는 문장이 있나요?,0.1
주말에 어디로 나들이를 가면 좋을까요?,0.1
작은 조명을 켜 두니 아늑하네요,0.1
새로운 언어를 공부하는 방법을 추천해 주세요,0.1
업무를 마친 뒤에는 편하게 쉬고 싶어요,0.1
도서관 회원증을 만드는 방법을 알려 주세요,0.1
새 수건을 사서 욕실을 정리했어요,0.1
오늘 하루를 차분하게 마무리하고 싶어요,0.1
가족과 함께 저녁 식사를 했어요,0.1
봄에 방문하기 좋은 여행지를 추천해 주세요,0.1
온라인으로 책을 주문하려고 해요,0.1
문화센터 프로그램을 찾아보고 있어요,0.1
주말 아침에 만들어 먹기 좋은 브런치는 무엇인가요?,0.1
주말에는 기온이 얼마나 올라갈까요?,0.1
외국어 공부를 재미있게 하는 방법이 있나요?,0.1
온라인 회의 배경을 깔끔하게 만들고 싶어요,0.1
침실에 어울리는 조명을 찾고 있어요,0.1
집에서 커피를 맛있게 내리는 방법을 알려 주세요,0.1
숙소에 세탁실이 있나요?,0.1
아침 식사로 시리얼을 준비했어요,0.1
아침 식사로 과일을 먹었어요,0.1
물을 충분히 마시려고 노력하고 있어요,0.1
주말에 당일치기 여행을 계획하고 있어요,0.1
숙소에 조식이 포함되어 있나요,0.1
냉동실에 과일을 보관해 두었어요,0.1
아침에 라디오를 들으며 준비했어요,0.1
친구에게 안부 메시지를 보내야겠어요,0.1
여행 사진을 인화해 볼까요?,0.1
책상 옆에 작은 독서등을 놓았어요,0.1
집에서 와이파이를 편리하게 사용하는 방법을 알려 주세요,0.1
배송 예정일을 확인해 주세요,0.1
오늘은 하늘이 맑아서 기분이 좋아요,0.1
잠자기 전에 책을 읽으면 편안해요,0.1
선물용 포장이 가능한가요?,0.1
디저트가 다양한 카페를 알려 주세요,0.1
온라인에서 운동화를 찾아보고 있어요,0.1
아름다운 사진을 보며 여행 계획을 세워요,0.1
집 근처에 수영장이 있는지 궁금해요,0.1
온라인 장바구니에 상품을 담아 두었어요,0.1
여행 가방은 어떤 크기가 편리한가요?,0.1
산책하기 좋은 호숫가가 있나요?,0.1
기념품으로 예쁜 엽서를 사고 싶어요,0.1
아침마다 간단한 스트레칭을 하고 있어요,0.1
파일을 이메일로 보내도 될까요?,0.1
온라인 회원 가입 절차가 궁금해요,0.1
도예 수업을 한 번 체험해 보고 싶어요,0.1
주방 청소는 어떤 순서로 하면 좋을까요?,0.1
환불 처리 기간이 얼마나 걸리는지 궁금해요,0.1
냉장고에 과일이 많이 남아 있네요,0.1
아침에 듣기 좋은 팟캐스트가 있나요?,0.1
창가 자리가 있는지 궁금해요,0.1
창밖의 풍경이 아름답네요,0.1
책을 고를 때 참고할 만한 기준이 있나요?,0.1
좋은 아침이에요,0.1
저녁 식사로 어떤 메뉴가 좋을까요?,0.1
점심에는 따뜻한 국수를 먹고 싶어요,0.1
공원 입구가 어디인지 알려 주세요,0.1
주말에 사진을 정리하려고 해요,0.1
지하철 환승 방법을 알려 주세요,0.1
오븐 없이 만들 수 있는 간식이 있나요?,0.1
새들이 지저귀는 소리가 들려요,0.1
봄꽃이 예쁘게 피었네요,0.1
공원 근처에 식당이 있나요?,0.1
이번 주에 읽을 책을 골라 주세요,0.1
파스타와 잘 어울리는 샐러드는 무엇인가요?,0.1
침실을 더 아늑하게 꾸미고 싶어요,0.1
온라인으로 주문한 상품은 언제 도착하나요?,0.1
해외여행에 필요한 준비물을 알려 주세요,0.1
실내에서 키우기 좋은 식물을 추천해 주세요,0.1
상품 설명을 자세히 보고 있어요,0.1
카페의 영업 시간을 알려 주세요,0.1
와이파이 비밀번호를 확인해 주세요,0.1
세탁물은 언제 찾을 수 있나요?,0.1
주방 수납공간을 정리하고 있어요,0.1
책상 위에 놓을 작은 달력을 사고 싶어요,0.1
온라인으로 운동화를 구경하고 있어요,0.1
온라인 후기들이 도움이 되네요,0.1
따뜻한 수프가 먹고 싶어요,0.1
책상을 넓게 사용하는 정리법을 알려 주세요,0.1
주말 계획을 세우며 즐거운 시간을 보내고 있어요,0.1
자전거를 빌릴 수 있는 곳이 있나요?,0.1
어린이가 읽기 좋은 동화책을 추천해 주세요,0.1
집에서 할 수 있는 스트레칭을 추천해 주세요,0.1
우산을 챙겨 가는 게 좋을까요?,0.1
냄비에 따뜻한 물을 받아 두었어요,0.1
친구에게 보낼 생일 카드 문구를 추천해 주세요,0.1
작은 화분을 어디에서 살 수 있나요?,0.1
역 근처에 편의점이 있나요,0.1
집에서 퍼즐을 맞추는 시간이 즐거워요,0.1
한국어 공부에 도움이 되는 책을 추천해 주세요,0.1
저녁에는 김치볶음을 만들어 볼까 해요,0.1
좋은 아침 인사말을 알려 주세요,0.1
창밖으로 보이는 풍경이 아름답네요,0.1
프린터와 컴퓨터를 연결하는 방법이 궁금해요,0.1
따뜻한 이불 속이 정말 포근해요,0.1
냉장고 정리 아이디어를 알려 주세요,0.1
내일 아침에는 기온이 얼마나 내려갈까요?,0.1
오늘은 잡지를 읽으며 쉬려고 해요,0.1
장바구니에 담은 상품을 나중에 확인할 수 있나요?,0.1
아침에 듣기 좋은 노래를 추천해 주세요,0.1
주차 공간이 있는 식당인지 궁금해요,0.1
우산을 챙겨야 할지 고민이에요,0.1
운동 전에 먹기 좋은 음식이 있나요?,0.1
이번 주말에 가까운 공원으로 나들이를 가고 싶어요,0.1
메모를 잘 정리하는 방법이 있을까요?,0.1
우편물을 받을 수 있는 시간을 알고 싶어요,0.1
업무 중간에 쉬는 시간은 얼마나 가지면 좋을까요?,0.1
주말에 수채화를 연습해 볼까요?,0.1
최근에 개봉한 애니메이션이 궁금해요,0.1
화상 회의 프로그램 사용법을 알려 주세요,0.1
간단한 도시락을 준비했어요,0.1
비 오는 날 필요한 물건을 알려 주세요,0.1
가족과 함께 볼 만한 영화를 추천해 주세요,0.1
방에 어울리는 커튼 색상을 추천해 주세요,0.1
미술관 입장료를 확인하고 싶어요,0.1
집에서 할 수 있는 가벼운 운동을 추천해 주세요,0.1
새로운 배경 화면을 찾아보고 있어요,0.1
작은 행복을 찾는 방법이 있을까요?,0.1
새 휴대전화 케이스를 사고 싶어요,0.1
반려동물과 함께 방문할 수 있는 카페가 있나요?,0.1
여행지에서 사용할 유용한 표현을 알려 주세요,0.1
공부할 때 집중하는 방법이 궁금해요,0.1
주말에 도예 수업을 들어 보고 싶어요,0.1
요가 매트를 고르는 기준이 궁금해요,0.1
방을 정리하니 기분이 좋아졌어요,0.1
이번 달 약속을 한눈에 보고 싶어요,0.1
편안한 쿠션을 하나 사고 싶어요,0.1
물건을 찾았을 때 연락받을 방법을 알려 주세요,0.1
요즘 맛있는 과일이 어떤 것인지 알려 주세요,0.1
악기를 처음 배울 때 무엇이 좋을까요?,0.1
엽서를 예쁘게 꾸미고 싶어요,0.1
집에서 만들기 쉬운 파스타가 있나요?,0.1
수납공간을 늘리는 방법이 있을까요?,0.1
내일 할 일을 미리 적어 두면 편리해요,0.1
초보자용 그림 도구를 추천해 주세요,0.1
창문을 열어 두니 집 안이 산뜻해졌어요,0.1
간식으로 먹기 좋은 견과류를 추천해 주세요,0.1
아침으로 따뜻한 토스트를 먹었어요,0.1
따뜻한 햇살을 즐기고 싶어요,0.1
습득한 물건을 어디에 맡기면 되나요?,0.1
알림 설정은 어디에서 바꿀 수 있나요?,0.1
여행 가방에 무엇을 챙기면 좋을까요?,0.1
여행지의 날씨를 미리 알고 싶어요,0.1
따뜻한 차와 책이 잘 어울리네요,0.1
선물용 머그컵을 고르고 있어요,0.1
창밖 풍경을 바라보며 생각을 정리하고 있어요,0.1
편안한 면 소재 티셔츠를 추천해 주세요,0.1
이번 달 계획을 세우고 있어요,0.1
따뜻한 응원 문구를 써 보고 싶어요,0.1
오늘은 김밥을 먹어도 좋겠어요,0.1
버스 첫차 시간을 확인하고 싶어요,0.1
오늘 저녁에는 김치찌개를 만들어 볼까 해요,0.1
영화관 좌석을 미리 확인하고 싶어요,0.1
집에서 만들 수 있는 빵 레시피가 궁금해요,0.1
온라인 강의 신청 방법이 궁금해요,0.1
카메라 배터리를 충전해 두었어요,0.1
방 안의 공기를 자주 바꾸려고 해요,0.1
예약 없이 방문하기 좋은 식당이 있을까요?,0.1
이 제품은 세탁기로 세탁해도 되나요?,0.1
집에서 볼 만한 다큐멘터리를 추천해 주세요,0.1
이번 달 추천 도서를 알려 주세요,0.1
침실에 어울리는 색상을 알려 주세요,0.1
새로운 수납함을 찾아보고 있어요,0.1
집 근처의 세탁소 위치를 알려 주세요,0.1
주말에 자전거를 타고 싶어요,0.1
키우기 쉬운 식물을 추천해 주세요,0.1
여행용 세면도구를 준비하고 있어요,0.1
주차장을 이용할 수 있는지 궁금해요,0.1
냄비의 크기를 비교하고 싶어요,0.1
여행 일정에 카페를 넣고 싶어요,0.1
숙소의 체크인 시간을 알려 주세요,0.1
읽고 싶은 책 목록을 만들어 두었어요,0.1
집에서 볼 만한 드라마가 있나요,0.1
작은 방을 넓어 보이게 꾸미는 방법이 궁금해요,0.1
계절이 바뀔 때 챙기면 좋은 생활용품은 무엇인가요?,0.1
오늘도 고마운 마음을 잊지 않으려고 해요,0.1
감사 인사를 전할 카드 문구를 추천해 주세요,0.1
요즘 맛있는 빵집을 찾고 있어요,0.1
먼지를 닦고 창문도 깨끗하게 닦았어요,0.1
오늘은 청소하기 좋은 날이에요,0.1
여행지에서 사용할 지도를 내려받고 싶어요,0.1
밀가루 대신 사용할 수 있는 재료가 있나요?,0.1
짧게 보기 좋은 예능 프로그램을 알려 주세요,0.1
옷장 안을 효율적으로 정리하고 싶어요,0.1
편안한 잠을 위해 방을 어둡게 해 두었어요,0.1
포장이 깔끔해서 선물하기 좋겠어요,0.1
세탁기 사용 방법을 다시 확인했어요,0.1
기차표를 미리 예약하고 싶어요,0.1
회원증을 새로 만들고 싶어요,0.1
인터넷 속도를 확인하는 방법이 궁금해요,0.1
반납일을 며칠 연장할 수 있을까요?,0.1
손님에게 내기 좋은 간단한 음료를 추천해 주세요,0.1
여행 가방을 새로 준비하고 있어요,0.1
요즘 인기 있는 팟캐스트를 알려 주세요,0.1
감사한 마음을 전할 작은 선물을 추천해 주세요,0.1
아침 식사를 규칙적으로 하는 좋은 방법이 있을까요?,0.1
저녁 시간 영화표를 예매하고 싶어요,0.1
전자책을 구매하려고 합니다,0.1
건강한 간식을 준비해 두려고 해요,0.1
오늘 저녁에는 무엇을 먹을까요?,0.1
오늘 아침에는 토스트를 구워 먹었어요,0.1
맛있는 국수집을 추천해 주세요,0.1
집 안을 깔끔하게 정리하고 싶습니다,0.1
집 안을 조금 정리하려고 해요,0.1
냉장고에 있는 달걀로 무엇을 만들 수 있나요?,0.1
어항을 깨끗하게 관리하는 방법을 알려 주세요,0.1
가족과 함께 맛있는 식사를 하고 싶어요,0.1
편안한 운동복을 추천해 주세요,0.1
가족에게 보낼 따뜻한 인사말이 궁금해요,0.1
재활용품을 종류별로 정리하고 있어요,0.1
여름에 입기 좋은 옷을 추천해 주세요,0.1
선물용 머그컵을 고를 때 무엇을 보면 좋을까요?,0.1
교통카드는 편의점에서 살 수 있나요?,0.1
현지 음식을 맛보고 싶어요,0.1
구름 모양이 재미있게 보이네요,0.1
비밀번호를 안전하게 관리하는 방법을 알려 주세요,0.1
회의 자료를 미리 읽어 보려고 해요,0.1
가까운 우체국 위치를 알려 주세요,0.1
책상 주변을 효율적으로 정돈하고 싶어요,0.1
이 제품은 선물용으로 괜찮을까요?,0.1
잠시 쉬면서 차를 한 잔 마셔요,0.1
온라인으로 영화표를 구매하고 싶어요,0.1
바다를 보며 쉬기 좋은 장소가 있나요?,0.1
갓 구운 빵 냄새가 정말 좋네요,0.1
재미있는 예능 프로그램을 추천해 주세요,0.1
편안한 의자를 찾아보고 있습니다,0.1
근처 체육관 이용료를 알려 주세요,0.1
친구에게 안부 메시지를 보냈어요,0.1
관심 있는 강좌가 새로 열렸네요,0.1
무료로 이용할 수 있는 온라인 강의가 있나요?,0.1
주말 계획을 천천히 세워 보고 있어요,0.1
아침에 듣기 좋은 노래가 궁금해요,0.1
내일 비가 올까요?,0.1
새 양말을 여러 켤레 준비했어요,0.1
주말 오후에 볼 만한 영화를 추천해 주세요,0.1
책상을 깔끔하게 정돈하니 기분이 좋아요,0.1
상품의 크기를 비교해 보고 있어요,0.1
간식으로 먹기 좋은 과자를 추천해 주세요,0.1
집에서 만든 주스가 상쾌하네요,0.1
사진을 예쁘게 편집할 수 있는 앱을 추천해 주세요,0.1
영화관에서 저녁 영화를 예매했어요,0.1
주말에 입기 좋은 옷을 추천해 주세요,0.1
새 침구를 고르고 있어요,0.1
주말마다 좋아하는 음악을 감상해요,0.1
공항까지 가는 가장 편한 방법은 무엇인가요?,0.1
오늘 할 일을 정리하는 방법을 알려 주세요,0.1
온라인으로 운동화를 찾아보고 있어요,0.1
시계 배터리를 교체하고 싶어요,0.1
오늘은 과일을 많이 먹으려고 해요,0.1
가족과 함께 부를 노래를 추천해 주세요,0.1
사진전 입장료를 확인하고 싶어요,0.1
반려동물 사진을 예쁘게 찍는 방법이 궁금해요,0.1
주말에 이불을 세탁할 예정이에요,0.1
이 셔츠의 다른 색상도 있나요?,0.1
새로 나온 음료를 마셔 보고 싶어요,0.1
배송 주소를 변경할 수 있을까요?,0.1
오늘은 일찍 잠들고 싶어요,0.1
비밀번호를 안전하게 관리하고 있어요,0.1
집 안에 향기를 더하고 싶어요,0.1
작은 카드에 따뜻한 문구를 적었어요,0.1
따뜻한 국물이 먹고 싶어요,0.1
우산을 가방에 넣어 두었어요,0.1
방을 깔끔하게 정리하고 싶어요,0.1
생일 선물로 무엇을 준비하면 좋을까요?,0.1
새 이메일 주소를 만들고 싶어요,0.1
건강한 간식으로 무엇이 좋을까요?,0.1
요즘 아침저녁으로 선선하네요,0.1
이 운동화는 발이 편한가요,0.1
채소를 깨끗하게 씻는 방법을 알려 주세요,0.1
영화를 예매하려고 하는데 어떤 작품이 인기인가요?,0.1
식물을 키워 보고 싶은데 어떤 종류가 좋을까요?,0.1
오늘 하루도 즐겁게 보내세요,0.1
공항까지 가는 대중교통을 알아보고 있어요,0.1
기타를 다시 연습해 볼까 해요,0.1
주방용 수건을 여러 장 주문하려고 해요,0.1
내일은 더 즐거운 일이 많으면 좋겠어요,0.1
전자책으로도 읽을 수 있나요,0.1
영화가 끝난 뒤 산책하면 좋겠어요,0.1
집중할 때 듣기 좋은 음악을 추천해 주세요,0.1
새로운 샐러드 레시피를 찾아보고 있어요,0.1
온라인으로 영화표를 예매하고 싶어요,0.1
새로운 언어를 재미있게 배우고 싶어요,0.1
분갈이는 언제 하는 것이 좋을까요?,0.1
숙면에 도움이 되는 습관을 알려 주세요,0.1
서랍 안에 필요한 물건을 모아 두었어요,0.1
아침 스트레칭으로 몸을 가볍게 풀었어요,0.1
문서를 보기 좋게 정리하고 있어요,0.1
꽃다발을 예약할 수 있나요?,0.1
새로 나온 차 음료를 마셔 보고 싶어요,0.1
오늘 시장에 어떤 채소가 나왔나요?,0.1
여행 사진을 정리하고 싶어요,0.1
요가 수업 시간이 궁금해요,0.1
약속 시간을 다시 확인하고 싶어요,0.1
예약 없이 방문할 수 있는 식당인지 궁금해요,0.1
메모를 잘 정리하는 앱이 있나요?,0.1
요가 매트를 고르는 방법이 궁금해요,0.1
편한 운동복을 고르고 있어요,0.1
아침에 먹기 좋은 과일을 추천해 주세요,0.1
간단한 사진 편집을 연습하고 있어요,0.1
눈이 내리면 거리가 무척 조용해져요,0.1
사진 강좌를 추천해 주세요,0.1
재활용품을 종류별로 정리했어요,0.1
곧 따뜻한 봄이 올 것 같아요,0.1
매일 영어 단어를 외우고 있어요,0.1
집에서 편하게 신을 슬리퍼를 찾고 있어요,0.1
기분 전환에 도움이 되는 작은 활동은 무엇인가요?,0.1
차를 맛볼 수 있는 장소가 궁금해요,0.1
아침 식사로 과일과 요거트를 먹었어요,0.1
예약 없이 방문해도 괜찮은가요?,0.1
오늘 하루도 기분 좋게 보내고 싶어요,0.1
내일 아침에는 산책을 하려고 해요,0.1
오늘 배운 내용을 정리해 보려고 해요,0.1
간식으로 먹기 좋은 견과류를 알려 주세요,0.1
오늘 저녁에 산책을 해도 좋겠어요,0.1
오늘은 날씨가 정말 맑네요,0.1
동네에 새로 생긴 식당이 궁금해요,0.1
팝콘은 어떤 맛을 좋아하세요?,0.1
냉장고에 있는 재료로 만들 만한 요리가 있을까요?,0.1
집에서 조용히 공부할 공간을 만들고 싶어요,0.1
주말 아침에는 늦잠을 자도 좋아요,0.1
겨울용 담요는 어떤 소재가 따뜻한가요?,0.1
창가 자리가 있는지 확인해 주세요,0.1
간단한 스트레칭 동작을 알려 주세요,0.1
새로운 음악을 추천받고 싶어요,0.1
식사 후에 마실 차를 추천해 주세요,0.1
노트는 줄 있는 제품이 편리한 것 같아요,0.1
함께 보드게임을 해 보면 재미있겠어요,0.1
기초 영어 회화를 연습하고 있어요,0.1
아침으로 무엇을 먹으면 좋을까요?,0.1
미술관 입장료는 얼마인가요?,0.1
거실을 깔끔하게 정리하는 요령을 알려 주세요,0.1
주간 계획표를 만들어 보고 싶어요,0.1
차와 잘 어울리는 과자를 추천해 주세요,0.1
온라인 주문 상품의 배송 일정을 확인하고 싶어요,0.1
주말 아침에 브런치를 먹고 싶어요,0.1
신선한 채소를 고르는 방법이 궁금해요,0.1
따뜻한 우유를 주문할 수 있나요?,0.1
집에서 할 수 있는 취미가 있을까요?,0.1
여권 유효 기간을 확인했어요,0.1
창가 자리가 있으면 좋겠어요,0.1
겨울에는 따뜻한 차가 잘 어울려요,0.1
외국어 공부를 시작하려고 해요,0.1
주방에서 자주 쓰는 도구를 추천해 주세요,0.1
가까운 호수로 나들이를 가면 좋겠어요,0.1
아침 공기가 상쾌해서 기분이 좋아요,0.1
물을 충분히 마시는 좋은 방법이 있나요?,0.1
정리한 방을 보니 마음이 한결 가벼워졌어요,0.1
기차표를 온라인으로 예매할 수 있나요?,0.1
좌석을 미리 선택할 수 있나요?,0.1
영화관에서 볼 만한 작품을 추천해 주세요,0.1
청소기를 돌리고 바닥을 닦았어요,0.1
요가 매트는 어떤 제품이 편한가요?,0.1
공원에 꽃이 많이 피었을까요?,0.1
친구에게 보낼 선물을 고르고 있어요,0.1
오늘 해야 할 일을 차근차근 해 보려고 해요,0.1
공원에 화장실이 마련되어 있나요?,0.1
영화관에 음료를 가져갈 수 있나요?,0.1
차 종류가 다양해서 무엇을 고를지 고민이에요,0.1
운동 후에는 가볍게 식사하려고 해요,0.1
은행의 오늘 운영 시간을 확인하고 싶어요,0.1
책 반납일이 언제인지 확인하고 싶어요,0.1
욕실을 산뜻하게 관리하는 방법이 궁금해요,0.1
건강한 생활 습관을 만들고 싶어요,0.1
신선한 과일을 사려면 어디로 가야 하나요?,0.1
여행 에세이를 읽으면 마음이 편안해져요,0.1
고양이와 즐겁게 놀아 주는 방법이 있나요?,0.1
볼펜 잉크가 오래가는 제품을 찾고 있어요,0.1
저녁에 간단한 파스타를 만들 거예요,0.1
아침에 들을 만한 음악을 추천해 주세요,0.1
케이크는 어떤 맛이 가장 인기 있나요?,0.1
초보자에게 좋은 요가 동작이 있나요?,0.1
새로 개봉한 애니메이션이 궁금해요,0.1
도서관 운영 시간이 어떻게 되나요?,0.1
도서관에서 책을 빌리고 싶어요,0.1
스페인어 인사말을 알려 주세요,0.1
여행 사진을 예쁘게 찍는 방법이 궁금해요,0.1
휴대전화 배터리를 오래 사용하는 방법을 알려 주세요,0.1
아침 식사로 좋은 메뉴를 알려 주세요,0.1
전시회 일정이 어떻게 되나요?,0.1
오늘은 집에서 여유롭게 시간을 보낼 거예요,0.1
집에서 키우기 쉬운 식물을 알려 주세요,0.1
작은 화분을 선물해도 괜찮을까요?,0.1
휴대전화 배터리가 빨리 줄어드는 이유가 궁금해요,0.1
새로운 요리를 배우는 일이 즐거워요,0.1
마트에서 장을 볼 목록을 정리하고 있어요,0.1
오븐으로 감자를 구워 보려고 해요,0.1
초보자를 위한 뜨개질 도구를 알려 주세요,0.1
편안한 하루를 보내는 방법이 궁금해요,0.1
차 종류가 다양한 카페를 알려 주세요,0.1
저녁 시간대 좌석이 남아 있나요?,0.1
주말에 좋아하는 책을 읽을 예정이에요,0.1
이번 주말에는 가까운 공원에 가고 싶어요,0.1
창문을 열어도 괜찮을 만큼 따뜻하네요,0.1
햇살이 따뜻해서 창가에 앉아 있어요,0.1
가벼운 운동화를 추천해 주세요,0.1
달력에 다음 약속을 표시했어요,0.1
커피와 잘 어울리는 간식은 무엇인가요?,0.1
기념일에 어울리는 꽃을 추천해 주세요,0.1
자기 전에 읽을 만한 에세이를 찾고 있어요,0.1
아이와 함께 체험할 수 있는 공간이 있나요?,0.1
새로운 가수를 알아보고 싶어요,0.1
새로운 휴대전화 케이스를 찾고 있어요,0.1
지역 축제 일정은 어디에서 확인하나요?,0.1
택시를 부르기 전에 주소를 확인했어요,0.1
숙소의 체크인 시간을 확인해 주세요,0.1
가족과 함께 할 수 있는 실내 활동이 궁금해요,0.1
이번 주에 개봉하는 영화가 무엇인가요?,0.1
전시장 안내 책자를 받을 수 있나요?,0.1
사진 전시회 일정이 궁금해요,0.1
오늘 해야 할 일을 정리해 주세요,0.1
새로 산 컵을 식탁에 놓았어요,0.1
창가에 앉아 책을 읽으니 편안하네요,0.1
이번 주에는 책을 한 권 읽어 보려고 해요,0.1
디저트로 먹을 만한 케이크가 궁금해요,0.1
내일 아침에 알람을 설정해 주세요,0.1
근처에 걷기 좋은 공원이 있나요?,0.1
숙소의 조식 시간이 궁금해요,0.1
겨울용 이불을 고를 때 무엇을 확인해야 하나요?,0.1
건강한 간식으로 무엇을 준비하면 좋을까요?,0.1
포장 옵션을 선택할 수 있나요?,0.1
근처에 자전거를 빌릴 수 있는 곳이 있나요?,0.1
집에서 볼 수 있는 다큐멘터리가 있나요?,0.1
집중해서 읽기 좋은 책이 있을까요?,0.1
여행 사진을 앨범으로 만들어야겠어요,0.1
김치볶음밥을 맛있게 만드는 방법이 궁금해요,0.1
이 빵은 냉동 보관이 가능한가요?,0.1
대중교통으로 갈 수 있는 식물원이 있나요?,0.1
무선 이어폰의 사용 시간을 알고 싶어요,0.1
주말에 가까운 곳으로 여행을 가고 싶어요,0.1
욕실을 깨끗하게 관리하는 요령이 궁금해요,0.1
상품 후기를 작성하면 혜택이 있나요?,0.1
택배를 보내는 방법이 궁금해요,0.1
영화관 좌석은 어떻게 선택하나요?,0.1
흰옷을 깨끗하게 관리하는 방법을 알려 주세요,0.1
무료 배송 조건을 알려 주세요,0.1
출근길에 듣기 좋은 노래가 있을까요?,0.1
헬스장 이용권 가격이 궁금해요,0.1
미술관 휴관일을 알려 주세요,0.1
비 오는 날 즐길 수 있는 취미가 있나요?,0.1
영화관에서 팝콘을 주문하고 싶어요,0.1
공항에서 편리하게 이동하는 방법이 궁금해요,0.1
도심 근처의 작은 호수를 추천해 주세요,0.1
이번 주말에는 어디로 나들이를 갈까요?,0.1
공항까지 가는 방법을 찾아보고 있어요,0.1
수면 시간을 규칙적으로 맞추고 싶어요,0.1
채식 메뉴가 있는 식당을 알려 주세요,0.1
창문을 열어 보니 시원한 바람이 들어오네요,0.1
뜨개질 초보자에게 필요한 준비물을 알려 주세요,0.1
일정을 정리할 수 있는 앱이 있나요?,0.1
새로 나온 가방을 구경하고 있어요,0.1
즐거운 주말 계획을 세우고 있어요,0.1
이번 주말에 책을 한 권 읽으려고 해요,0.1
요리할 때 앞치마를 착용해요,0.1
새 침구를 고를 때 무엇을 확인해야 하나요?,0.1
퍼즐을 맞추며 쉬는 시간을 보내고 있어요,0.1
근처에 조용한 카페가 있나요?,0.1
필요한 파일을 클라우드에 저장했어요,0.1
버스 정류장이 어디에 있는지 궁금해요,0.1
세탁하기 편한 소재인가요?,0.1
수건을 접어 서랍에 넣었어요,0.1
이번 휴가에는 바닷가에 가고 싶어요,0.1
집에서 편안하게 들을 음악을 찾아요,0.1
사진을 앨범으로 만들어 볼까 해요,0.1
퍼즐을 맞추며 여유로운 시간을 보내고 싶어요,0.1
최근에 재미있게 본 드라마가 있나요?,0.1
집에서 키우기 쉬운 식물이 무엇인가요?,0.1
캘린더에 일정을 추가해 주세요,0.1
예약 가능한 식당을 찾고 있어요,0.1
자전거 대여 장소를 알려 주세요,0.1
배송 기간이 얼마나 걸리는지 알려 주세요,0.1
토스트에 딸기잼을 바르면 맛있어요,0.1
좋아하는 향의 비누를 주문했어요,0.1
이번 주말 날씨를 알려 주세요,0.1
앱 업데이트 알림이 떴네요,0.1
화분을 어디에 두면 좋을까요?,0.1
공유기 설정 방법을 안내해 주세요,0.1
오늘은 평소보다 일찍 일어났어요,0.1
수업 자료를 어디에서 받을 수 있나요?,0.1
저녁 식사 후에 차를 마시고 싶어요,0.1
부드러운 색상의 커튼을 사고 싶어요,0.1
하루를 즐겁게 마무리하는 방법이 궁금해요,0.1
달력에 약속을 기록했어요,0.1
집에서 할 수 있는 취미를 찾고 있어요,0.1
냉장고에 남은 재료로 무엇을 만들까요?,0.1
새 달력을 보며 일정을 정리했어요,0.1
가을 단풍을 보러 가고 싶어요,0.1
선물용 포장이 가능한지 궁금해요,0.1
편한 여름옷을 추천해 주세요,0.1
겨울 이불을 세탁하는 방법을 알려 주세요,0.1
새로 산 머그컵이 마음에 들어요,0.1
화분을 잘 키우는 요령이 궁금해요,0.1
창문을 깨끗하게 닦고 싶어요,0.1
밤하늘에 별이 많이 보이네요,0.1
인터넷 연결 상태가 어떤가요?,0.1
택배 상자를 구할 수 있는 곳이 있나요?,0.1
"커피는 따뜻하게 드릴까요, 차갑게 드릴까요?",0.1
집에서 사용하기 좋은 가습기를 추천해 주세요,0.1
저녁 식사 후에 차를 한 잔 마시고 싶어요,0.1
내일 비가 올 가능성이 있나요?,0.1
아침에 가볍게 산책하는 습관을 들이고 있어요,0.1
공항까지 가는 방법을 알려 주세요,0.1
휴대용 충전기를 챙겨야겠어요,0.1
좌석 간격이 넓은 상영관을 알려 주세요,0.1
방 안에 작은 러그를 깔아 볼까요,0.1
하루에 얼마나 공부하면 좋을까요?,0.1
식당의 영업시간을 알고 싶어요,0.1
집 안에 은은한 향을 더하는 방법이 있나요?,0.1
오늘의 추천 메뉴가 무엇인가요?,0.1
오늘 할 일을 목록으로 정리했어요,0.1
오늘은 어떤 음악을 들으면 좋을까요?,0.1
집중할 때 듣는 음악 목록을 만들고 있어요,0.1
온라인으로 영화표를 예매하는 방법이 궁금해요,0.1
근처에 맛있는 식당이 있나요?,0.1
적립금은 어떻게 사용할 수 있나요?,0.1
잠들기 전에 하면 좋은 습관을 알려 주세요,0.1
수건을 부드럽게 관리하는 방법을 알려 주세요,0.1
간단하게 먹을 수 있는 아침 메뉴를 추천해 주세요,0.1
공과금 납부 방법이 궁금해요,0.1
커피를 마시니 기분이 좋아지네요,0.1
여행 가방을 고를 때 어떤 크기가 적당할까요?,0.1
간단한 아침 식사 아이디어가 필요해요,0.1
이메일 서명을 설정하고 싶어요,0.1
예약 없이 방문해도 괜찮을까요?,0.1
내일은 비가 올까요?,0.1
매일 일기를 쓰면 어떤 점이 좋은가요?,0.1
간단한 사진 편집 방법을 배우고 싶어요,0.1
주문한 음료가 언제 나오는지 궁금해요,0.1
주말 날씨를 알려 주세요,0.1
상품 색상을 다른 색으로 바꾸고 싶어요,0.1
커피와 차 중에서 무엇을 마실까요?,0.1
조용히 책을 읽을 수 있는 자리가 있나요?,0.1
편안한 베개를 찾고 있어요,0.1
다음에 함께 전시회를 보러 가요,0.1
동전 교환이 가능한 곳이 있나요?,0.1
여행 일정표를 보기 좋게 정리했어요,0.1
주방 수납공간을 늘리고 싶어요,0.1
지하철 운행 시간을 검색해 봤어요,0.1
저녁에는 달을 보며 천천히 걸으려고 해요,0.1
집에서 할 수 있는 취미를 추천해 주세요,0.1
오후 세 시쯤 만나는 건 어떠세요,0.1
교통카드를 충전할 수 있는 장소가 궁금해요,0.1
가까운 빵집에서 식빵을 사고 싶어요,0.1
여행 중 먹기 좋은 간식이 궁금해요,0.1
계절이 지난 옷은 어떻게 보관하면 좋을까요?,0.1
가족에게 안부 메시지를 보내야겠어요,0.1
저녁에는 바람이 조금 시원했으면 좋겠어요,0.1
주말에 가족과 보드게임을 하고 싶어요,0.1
가족 모임에 어울리는 식당을 찾고 있어요,0.1
주말 공연 일정을 알려 주세요,0.1
휴대전화 배터리를 오래 사용하는 방법이 궁금해요,0.1
재미있는 소설을 추천해 주세요,0.1
우유의 유통기한을 확인하고 싶어요,0.1
영화관에서 예매 가능한 좌석을 보고 싶어요,0.1
운동 기록을 남길 수 있는 앱을 알려 주세요,0.1
건강한 아침 식사 메뉴를 알려 주세요,0.1
카드에 짧은 문구를 적고 싶어요,0.1
비밀번호를 변경하고 싶어요,0.1
좋은 음악이 나오는 카페를 추천해 주세요,0.1
오늘은 자전거를 타고 공원에 가고 싶어요,0.1
전자책을 읽을 수 있는 기기를 알아보고 있어요,0.1
주말에 베이킹을 해 보고 싶어요,0.1
앱 알림을 조절할 수 있나요?,0.1
도심에서 볼 수 있는 예쁜 정원을 알려 주세요,0.1
친구에게 보내기 좋은 축하 문구를 알려 주세요,0.1
세탁기 사용법을 간단히 알려 주세요,0.1
책을 예약하는 방법이 궁금해요,0.1
여행 가방을 가볍게 꾸리는 방법이 궁금해요,0.1
물을 충분히 마시는 습관을 들이고 있어요,0.1
좋아하는 가수의 새 노래가 나왔어요,0.1
주말에 박물관을 방문하려고 해요,0.1
교환 절차가 어떻게 되나요?,0.1
회원 가입에 필요한 정보를 알려 주세요,0.1
요가 수업 시간을 확인해 주세요,0.1
침구를 계절에 맞게 바꾸려고 해요,0.1
간식으로 견과류를 먹고 있어요,0.1
꽃다발은 어떤 색 조합이 예쁜가요,0.1
세탁기 사용법을 간단히 설명해 주세요,0.1
여행지에서 꼭 먹어야 할 음식이 있나요?,0.1
편안한 운동복을 찾고 있어요,0.1
주말에 방문하기 좋은 섬이 있을까요?,0.1
사진을 저장할 공간이 부족해요,0.1
딸기 케이크가 정말 맛있어 보이네요,0.1
영수증을 다시 받을 수 있는지 알고 싶어요,0.1
체크인 시간을 알려 주실 수 있나요?,0.1
집에서 할 수 있는 간단한 운동을 알려 주세요,0.1
카페에 두고 온 물건이 있는지 문의하고 싶어요,0.1
전자책을 읽기 좋은 앱이 있을까요?,0.1
근처 세탁소의 영업시간을 알려 주세요,0.1
내일 오전에 약속 시간을 정해 볼까요,0.1
차를 한 잔 마시며 잠시 쉬고 싶어요,0.1
독서하기 좋은 조용한 장소를 찾고 있어요,0.1
온라인 강의 수강 방법을 알려 주세요,0.1
잠들기 전에 읽기 좋은 글을 추천해 주세요,0.1
영화관에 음료를 가지고 들어갈 수 있나요?,0.1
포장 주문도 가능한가요?,0.1
이번 주말에 산책하기 좋은 곳이 있을까요?,0.1
버스 정류장이 어디에 있는지 알려 주세요,0.1
내일 비가 오는지 확인해 볼까요?,0.1
주문한 상품의 배송 상태를 알려 주세요,0.1
마트에서 신선한 채소를 골랐어요,0.1
아침 햇살이 방 안을 환하게 비춰요,0.1
책상 위에 놓기 좋은 화분을 추천해 주세요,0.1
도서관 운영 시간을 알려 주세요,0.1
창가에서 책을 읽을 수 있는 카페를 찾고 있어요,0.1
봄에 입을 가벼운 재킷을 찾고 있어요,0.1
숲속에서 여유롭게 시간을 보내고 싶어요,0.1
아침을 활기차게 시작하는 방법을 알려 주세요,0.1
가족 여행에 적합한 장소를 추천해 주세요,0.1
카페에서 와이파이를 사용할 수 있나요?,0.1
이 가방의 크기가 어느 정도인가요?,0.1
선물하기 좋은 머그컵을 알려 주세요,0.1
오늘 일정을 여유롭게 시작하고 있어요,0.1
작은 조명을 어디에 두면 좋을까요?,0.1
책상 위에 놓기 좋은 작은 조명을 추천해 주세요,0.1
실내에서 즐길 수 있는 취미를 추천해 주세요,0.1
꽃다발을 고를 때 어떤 색이 좋을까요?,0.1
내일 아침에 다시 이야기해요,0.1
편안한 베개를 고르는 기준이 궁금해요,0.1
이번 주말에 공원에 가려고 해요,0.1
건강한 간식에는 어떤 것이 있을까요?,0.1
가벼운 등산에 필요한 준비물을 알려 주세요,0.1
전자책 대여 서비스가 있나요?,0.1
예쁜 달력을 선물로 받고 싶어요,0.1
오늘은 간단하게 샌드위치를 만들어 볼까요?,0.1
읽기 좋은 소설을 추천해 주세요,0.1
따뜻한 우유에 어울리는 재료가 있나요?,0.1
과일 샐러드에 어떤 과일을 넣으면 좋을까요?,0.1
매일 일기를 써 보려고 해요,0.1
집에서 와이파이를 설정하는 방법이 궁금해요,0.1
수건을 새로 정리해 두었어요,0.1
가벼운 재킷을 꺼내 두었어요,0.1
집 안에서 키우기 좋은 식물을 알려 주세요,0.1
햇빛이 잘 드는 곳에 식물을 놓아야겠어요,0.1
주문한 상품의 포장 상태가 궁금해요,0.1
공부할 때 조용한 음악을 틀어 놓아요,0.1
운전할 때 듣기 좋은 재생 목록이 있나요?,0.1
책을 읽기 좋은 시간대는 언제인가요?,0.1
여행지에서 먹을 만한 음식을 추천해 주세요,0.1
가격이 부담 없는 선물을 추천해 주세요,0.1
사진을 클라우드에 저장하고 있어요,0.1
친구에게 보낼 안부 메시지를 작성해 주세요,0.1
주말에 비가 올 예정인지 궁금해요,0.1
상품의 색상 종류를 알려 주세요,0.1
달지 않은 음료를 주문하고 싶어요,0.1
집에서 사용할 조명을 고르고 있어요,0.1
매일 감사한 일을 한 가지씩 적고 있어요,0.1
수업 신청 방법을 알려 주세요,0.1
주말 오후에 볼 만한 영화가 있을까요,0.1
이번 달에 열리는 전시가 있는지 궁금해요,0.1
버스 운행 시간을 확인하고 싶어요,0.1
봄바람이 살랑살랑 불어오네요,0.1
아침에 어울리는 밝은 노래를 알려 주세요,0.1
물을 자주 마시는 습관을 만드는 방법이 궁금해요,0.1
강아지가 좋아하는 간식은 무엇인가요?,0.1
음악 감상에 좋은 헤드폰을 추천해 주세요,0.1
가족과 함께 볼 사진을 정리하고 있어요,0.1
내일 아침에는 비가 올까요?,0.1
책을 보기 좋게 정리하는 방법을 알려 주세요,0.1
집에서 듣기 좋은 음악을 틀었어요,0.1
창가에 작은 화분을 놓고 싶어요,0.1
버스에서 발견된 물건을 확인하려면 어떻게 해야 하나요?,0.1
내일 입을 옷을 미리 준비해 둘까요?,0.1
사진 편집을 배울 수 있는 강좌가 있나요?,0.1
프린터 잉크를 교체해야겠어요,0.1
내일은 여유롭게 아침을 시작하고 싶어요,0.1
주말 오후에 영화를 보러 가고 싶어요,0.1
마음에 드는 엽서를 골랐어요,0.1
상품의 크기표를 확인하고 싶어요,0.1
주말에 맛있는 빵을 사러 가고 싶어요,0.1
주말에 꽃시장에 가 볼까 해요,0.1
적립금 사용 방법을 알려 주세요,0.1
편한 바지를 하나 장만하고 싶어요,0.1
컴퓨터 파일을 정리하는 좋은 기준이 있나요?,0.1
새 펜을 사니 공부할 의욕이 생기네요,0.1
상품 설명을 더 자세히 볼 수 있을까요?,0.1
이번 주말에 무엇을 하면 좋을까요?,0.1
새로 나온 영화를 예매하려고 해요,0.1
건강한 생활 습관을 알려 주세요,0.1
적립금으로 결제할 수 있나요?,0.1
도서관 근처에 카페가 있을까요?,0.1
무선 이어폰의 사용 시간이 궁금해요,0.1
주방용 장갑을 어디에서 살 수 있나요?,0.1
하루를 기분 좋게 마무리하고 싶어요,0.1
프린터에 종이를 넣어 주세요,0.1
세탁기 사용법을 확인하고 싶어요,0.1
설거지를 마치고 주방을 정리했어요,0.1
샐러드에 잘 어울리는 드레싱을 알려 주세요,0.1
감사한 마음을 전하고 싶어요,0.1
기차표 예매 방법을 설명해 주세요,0.1
운동 전후에 마시면 좋은 음료가 있나요?,0.1
전자레인지로 간단히 만들 수 있는 요리가 있나요?,0.1
체크인 시간은 언제인가요,0.1
주차장 이용 요금이 어떻게 되나요?,0.1
근처에 조용한 카페가 있을까요?,0.1
박물관까지 가는 방법을 알려 주세요,0.1
열쇠를 어디에 두었는지 기억이 나지 않아요,0.1
가볍게 할 수 있는 운동을 추천해 주세요,0.1
따뜻한 빵 냄새가 기분을 좋게 하네요,0.1
오늘 하루를 기록할 방법을 추천해 주세요,0.1
저녁에 김치찌개를 만들어 볼까 해요,0.1
새로운 계절을 맞아 집을 꾸미고 싶어요,0.1
겨울용 담요를 고르는 기준이 있나요?,0.1
세탁기 사용 방법을 확인하고 싶어요,0.1
오늘은 어떤 음악을 듣고 싶으세요?,0.1
옷장을 깔끔하게 정리하는 방법을 알려 주세요,0.1
컴퓨터 화면 밝기를 조절하고 싶어요,0.1
저녁에는 가족과 이야기를 나눌 예정이에요,0.1
작은 방을 넓어 보이게 꾸미는 방법이 있나요?,0.1
잠들기 전에 읽기 좋은 책이 있나요?,0.1
이 셔츠는 색상이 정말 예쁘네요,0.1
공원에 벤치가 많은가요?,0.1
오늘 기온이 몇 도인지 궁금해요,0.1
이 상품의 색상이 마음에 들어요,0.1
피아노 연주를 들으면 마음이 편안해요,0.1
이번 주에 개봉하는 영화가 궁금해요,0.1
택배가 도착하는 시간을 확인할 수 있나요?,0.1
이 책은 어디에서 찾을 수 있나요?,0.1
편안한 수면을 위한 방법이 궁금해요,0.1
퍼즐을 맞추며 조용한 시간을 보내고 있어요,0.1
전자책과 종이책 중 무엇을 더 좋아하세요?,0.1
사진을 클라우드에 저장하는 방법이 있나요?,0.1
요즘 읽을 만한 소설을 추천해 주세요,0.1
잔잔한 음악을 추천해 주세요,0.1
이번 달에는 수영을 배워 보고 싶어요,0.1
짧게 감상하기 좋은 오디오 콘텐츠가 있나요?,0.1
저녁 식사 후에 차를 마실까요,0.1
작은 크기의 우산을 판매하나요?,0.1
배송지를 변경하고 싶어요,0.1
선물 배송 일정을 확인하고 싶어요,0.1
저녁에 야경을 볼 수 있는 장소가 궁금해요,0.1
편안한 잠옷을 새로 사고 싶어요,0.1
토마토소스와 크림소스 중 무엇이 더 좋으세요?,0.1
주말에 식물원에 방문하려고 해요,0.1
산책하기 좋은 시간대는 언제인가요?,0.1
조용한 카페 음악을 추천해 주세요,0.1
일기를 꾸준히 쓰는 좋은 방법이 있을까요?,0.1
오늘 오후에 차 한잔하실래요,0.1
오븐 예열은 몇 도로 설정하나요,0.1
오늘 대중교통 운행 시간이 궁금해요,0.1
여행 가방을 가볍게 꾸리는 요령이 있나요?,0.1
조용한 숙소를 추천해 주세요,0.1
내일을 위해 오늘 준비하면 좋은 일이 있나요?,0.1
커피와 차 중 무엇을 마실까요?,0.1
무선 이어폰을 고를 때 중요한 점은 무엇인가요?,0.1
집에서 인터넷 속도를 확인하는 방법이 궁금해요,0.1
새로운 취미를 시작해 보고 싶어요,0.1
집에서 할 수 있는 스트레칭을 알려 주세요,0.1
오랜만에 연락할 때 좋은 인사말을 알려 주세요,0.1
아이스 라테 한 잔을 주문하고 싶어요,0.1
친구에게 보낼 엽서를 고르고 있어요,0.1
좋아하는 배우가 출연해서 기대돼요,0.1
주말에 집에서 편안하게 쉬고 싶어요,0.1
기념사진을 찍기 좋은 장소가 어디인가요?,0.1
아침에 오트밀을 먹어 보려고 해요,0.1
오늘 하늘에 구름이 예쁘게 떠 있어요,0.1
침실에 어울리는 조명 색상은 무엇인가요?,0.1
어떤 보드게임이 재미있나요,0.1
어린이를 위한 재미있는 선물을 찾고 있어요,0.1
창문에 빗방울이 맺혀 있어요,0.1
빵집에서 갓 구운 빵을 사고 싶어요,0.1
포근한 이불을 준비하고 싶어요,0.1
온라인 쇼핑몰에서 운동화를 보고 있어요,0.1
아침과 저녁의 기온 차이가 크네요,0.1
화분에 물을 주는 것을 잊지 말아야겠어요,0.1
필기하기 좋은 노트를 추천해 주세요,0.1
음악 재생 목록을 주제별로 만들고 싶어요,0.1
좋은 문장을 발견하면 따로 적어 두어요,0.1
뜨개질을 배울 수 있는 수업이 있나요,0.1
집들이 선물로 머그컵을 준비했어요,0.1
영화 상영 시간을 확인해 주세요,0.1
집에서 보기 좋은 드라마가 있을까요?,0.1
자막이 있는 상영관을 찾고 있어요,0.1
책상 위에 메모지를 준비해 주세요,0.1
작은 화분을 예쁘게 꾸미고 싶어요,0.1
박물관 입장료를 알려 주세요,0.1
주말에 음악회 표를 알아보고 있어요,0.1
영화 예매 방법을 설명해 주세요,0.1
신발 세탁 서비스를 이용하려고 해요,0.1
화면 밝기를 자동으로 조절하고 싶어요,0.1
호텔 조식 이용 시간이 언제인가요?,0.1
냉동실에 얼음을 채워 두었어요,0.1
저녁 식사 후에 먹을 디저트를 고민 중이에요,0.1
마트에서 장을 보고 집에 가는 길이에요,0.1
지난 여행 사진을 정리하고 있어요,0.1
아침에 일찍 일어나니 하루가 여유롭네요,0.1
편안한 휴양지를 찾고 있어요,0.1
아이스 아메리카노는 얼마나 진한가요?,0.1
노트북 가방은 어떤 재질이 튼튼한가요?,0.1
새로운 하루를 즐겁게 시작해 봐요,0.1
휴일에 여유롭게 할 일을 추천해 주세요,0.1
편안한 오후 보내고 계신가요,0.1
새 앨범이 언제 공개되는지 궁금해요,0.1
오늘 저녁에 가족과 어떤 이야기를 나누면 좋을까요?,0.1
내일 아침에 먹을 샌드위치를 만들었어요,0.1
일기예보는 어디에서 확인할 수 있나요?,0.1
근교로 당일 여행을 가고 싶어요,0.1
짧게 감상할 수 있는 다큐멘터리가 있나요?,0.1
오늘 할 일을 메모해 두었어요,0.1
아침마다 가볍게 운동하고 있어요,0.1
베란다에서 허브를 키워 보고 싶어요,0.1
온라인 회의에서 화면을 공유하는 방법이 궁금해요,0.1
이 카페의 대표 메뉴는 무엇인가요?,0.1
오늘도 수고 많으셨어요,0.1
좋아하는 배우가 출연한 작품을 찾고 있어요,0.1
아침에 듣기 좋은 노래가 있을까요?,0.1
지하철 첫차 시간을 알려 주세요,0.1
저녁 식사로 무엇을 드실 예정인가요?,0.1
새 다이어리를 고르고 있어요,0.1
도자기 만들기 수업이 있나요?,0.1
창가 자리가 있는 카페를 추천해 주세요,0.1
고객센터 상담 시간을 알려 주세요,0.1
빵을 오래 맛있게 보관하는 방법을 알려 주세요,0.1
퍼즐을 즐겁게 맞추는 방법이 있나요?,0.1
맑은 날에는 창문을 열어 두고 싶어요,0.1
잠들기 전에 하기 좋은 스트레칭이 있을까요?,0.1
좋아하는 향초를 켜고 휴식하고 싶어요,0.1
흰옷을 깨끗하게 세탁하는 방법이 있나요?,0.1
화분을 키우는 방법을 알려 주세요,0.1
가까운 우체국 운영 시간을 알고 싶어요,0.1
오늘은 사진을 정리하는 날이에요,0.1
집에서 시원한 레몬차를 만들어 보려고 해요,0.1
도시락에 넣기 좋은 반찬을 추천해 주세요,0.1
달콤한 디저트가 당기는 오후예요,0.1
전자책을 읽기 좋은 앱이 있을까요,0.1
공연장은 지하철역에서 가까운가요,0.1
예매한 좌석을 확인하고 싶어요,0.1
편안한 하루를 보내고 계신가요?,0.1
공연 티켓은 어디에서 예매하나요?,0.1
여행 가방을 새로 장만하려고 해요,0.1
전자도서관 이용 방법을 알려 주세요,0.1
사용하기 쉬운 물병을 추천해 주세요,0.1
오늘 날짜를 확인해 주세요,0.1
가족과 함께 보기 좋은 영화를 찾고 있어요,0.1
오늘은 가볍게 먹고 싶어요,0.1
사진을 앨범별로 분류하고 싶어요,0.1
거실 조명을 조금 밝게 바꿔 봤어요,0.1
라디오에서 좋은 곡이 나왔어요,0.1
식물을 키우기 좋은 화분을 추천해 주세요,0.1
바닷가 근처 숙소를 찾아보고 있어요,0.1
근처에 맛집이 많은 지역을 알려 주세요,0.1
이번 달에는 새로운 책을 읽어 보려 해요,0.1
재활용품을 올바르게 분류하는 방법이 궁금해요,0.1
비 오는 날 어울리는 음악이 궁금해요,0.1
내일도 좋은 하루가 되길 바라요,0.1
베란다에서 키우기 좋은 식물을 알려 주세요,0.1
창가 자리가 있는 카페를 찾고 있어요,0.1
날씨 앱을 추천해 주세요,0.1
여행 가방의 크기를 비교하고 있어요,0.1
베란다에서 키우기 좋은 허브를 추천해 주세요,0.1
아침에 일찍 일어나는 습관을 만들고 싶어요,0.1
침실에 어울리는 색상을 추천해 주세요,0.1
조명을 조금 더 밝게 바꾸고 싶어요,0.1
장바구니에 담은 물건을 다시 살펴봤어요,0.1
새로 피어난 잎이 무척 싱그러워요,0.1
인터넷 속도를 확인하고 싶어요,0.1
자막이 있는 상영 회차를 알려 주세요,0.1
마트에서 우유와 빵을 사 올게요,0.1
취미로 그림을 배워 보고 싶어요,0.1
문구류를 새로 장만하려고 해요,0.1
창문을 열어 두니 상쾌한 공기가 들어와요,0.1
오늘은 간단하게 샌드위치를 만들어 먹으려고 해요,0.1
필기하기 편한 노트를 찾고 있어요,0.1
아침 일정을 효율적으로 계획하고 싶어요,0.1
책을 예약할 수 있나요?,0.1
냉장고에 있는 채소로 어떤 요리를 할 수 있나요?,0.1
편안한 잠옷을 찾고 있어요,0.1
영화관에서 어떤 영화를 볼까요?,0.1
근처에 기념품 가게가 있나요?,0.1
내일 오전에 약속이 하나 있어요,0.1
아침에 달걀을 삶아 먹었어요,0.1
주말에 빵을 구워 보고 싶어요,0.1
가벼운 옷을 챙기는 게 좋겠어요,0.1
요즘 좋아하는 음악이 있나요?,0.1
바닷가 근처의 숙소를 추천해 주세요,0.1
마트에서 우유와 달걀을 사야겠어요,0.1
노을빛이 건물 사이로 퍼지고 있어요,0.1
아침부터 여는 도서관을 알려 주세요,0.1
산책하기 좋은 길을 추천해 주세요,0.1
욕실 청소에 적합한 세제를 알려 주세요,0.1
포장 상태가 깔끔해서 마음에 들었어요,0.1
오늘은 편안한 하루를 보내고 싶어요,0.1
오늘은 천천히 집에서 쉬고 싶어요,0.1
피아노 연주곡을 자주 듣고 있어요,0.1
서울행 기차의 출발 시간을 알려 주세요,0.1
가족과 함께 보기 좋은 영화를 알려 주세요,0.1
주문한 상품이 언제 도착하는지 궁금해요,0.1
오랜만에 친척에게 전화를 드렸어요,0.1
주방용 수건을 여러 장 사고 싶어요,0.1
현지에서 사용할 교통카드가 있나요?,0.1
창문을 열어 두니 시원한 바람이 들어와요,0.1
따뜻한 수프를 맛있게 끓이고 싶어요,0.1
가볍게 읽기 좋은 에세이를 추천해 주세요,0.1
봄바람이 부드럽게 불고 있어요,0.1
새로 생긴 식당의 메뉴를 보고 싶어요,0.1
가벼운 여행 일정을 짜고 있어요,0.1
물을 충분히 마시는 습관을 만들고 싶어요,0.1
좋아하는 배우가 출연한 작품을 찾아보고 있어요,0.1
주말에 쿠키를 구워 보고 싶어요,0.1
소포를 보내는 방법이 궁금해요,0.1
방 분위기를 바꿀 수 있는 소품이 있나요?,0.1
요즘 배워 보고 싶은 언어가 있나요?,0.1
브런치를 맛있게 하는 식당이 있나요?,0.1
온라인으로 운동화를 살펴보고 있어요,0.1
생일 선물로 무엇이 좋을지 고민이에요,0.1
우편물의 도착 예정일을 확인하고 싶어요,0.1
여행 전에 환전할 금액을 정하고 있어요,0.1
잔잔한 음악을 들으며 차를 마시고 있어요,0.1
색칠 공부를 하면 마음이 편안해져요,0.1
저녁에는 따뜻한 차 한 잔을 마시고 싶어요,0.1
우편물을 보내려면 어디로 가야 하나요?,0.1
관광 안내 책자를 받을 수 있을까요?,0.1
과일을 신선하게 보관하는 방법이 궁금해요,0.1
신선한 딸기를 사러 가고 싶어요,0.1
김치볶음밥에 어떤 재료를 넣으면 맛있나요?,0.1
퍼즐을 즐겁게 완성하는 요령이 있나요?,0.1
파스타에 어울리는 소스를 알려 주세요,0.1
아침에 일어나서 마시면 좋은 음료가 있나요?,0.1
집에서 사용할 머그컵을 고르고 있어요,0.1
전자책을 이용하는 방법을 알려 주세요,0.1
직접 만든 선물 아이디어가 있나요?,0.1
사진을 컴퓨터로 옮기는 방법을 알려 주세요,0.1
메뉴판을 미리 확인할 수 있나요?,0.1
은행의 주말 운영 시간이 궁금해요,0.1
요리를 즐겁게 배우는 방법이 있을까요?,0.1
오늘은 귤이 아주 달콤하네요,0.1
가족과 함께 보드게임을 해 보고 싶어요,0.1
재미있는 코미디 영화를 추천해 주세요,0.1
창가에서 햇빛을 쬐고 있어요,0.1
사진을 컴퓨터로 옮기는 방법이 있나요?,0.1
카드 포인트를 확인하고 싶어요,0.1
물을 자주 마시는 습관을 들이고 있어요,0.1
집에서 신기 좋은 슬리퍼를 찾고 있어요,0.1
전시회 예매 방법이 궁금합니다,0.1
온라인으로 생활용품을 주문하려고 해요,0.1
주소를 변경하려면 어디에 신청해야 하나요?,0.1
숙소를 예약할 때 확인할 사항이 있나요?,0.1
창가 자리가 아직 남아 있나요?,0.1
집에서 할 수 있는 운동을 추천해 주세요,0.1
근처에 조용한 카페가 있나요,0.1
사진 저장 공간을 늘리는 방법을 알려 주세요,0.1
비가 오면 우산을 챙겨야 해요,0.1
가까운 공원을 찾아보고 있어요,0.1
따뜻한 국물이 있는 음식이 먹고 싶어요,0.1
실내에서 할 수 있는 가벼운 운동이 있나요?,0.1
아침에 마실 따뜻한 차를 추천해 주세요,0.1
집에서 볼 수 있는 다큐멘터리가 있을까요?,0.1
잠들기 전에 따뜻한 차를 마셔요,0.1
옷 수선이 가능한 곳을 찾고 있어요,0.1
상품 후기를 어디에서 볼 수 있나요?,0.1
수건을 부드럽게 세탁하는 방법이 있나요?,0.1
예약한 책이 도착했는지 확인하고 싶어요,0.1
알람 시간을 조금 늦춰도 될까요,0.1
오늘 기온이 많이 올라갔네요,0.1
노란색 꽃이 봄 분위기와 잘 어울리네요,0.1
향이 은은한 캔들을 골라 보려고 해요,0.1
공원에서 자전거를 타고 싶어요,0.1
비가 오면 실내에서 책을 읽을 거예요,0.1
선물용 머그컵을 고르고 싶어요,0.1
오늘은 일찍 잠자리에 들 예정이에요,0.1
내일은 조금 더 여유롭게 시작하고 싶어요,0.1
영화관 좌석은 어디가 가장 편한가요?,0.1
요가를 시작해 보려고 해요,0.1
편안하게 쉴 수 있는 스트레칭을 알려 주세요,0.1
숙면에 도움이 되는 습관이 있나요?,0.1
회원 가입 없이 주문할 수 있나요?,0.1
따뜻한 담요를 준비해 두었어요,0.1
침대 시트를 세탁했어요,0.1
주말에 집안을 깨끗하게 청소할 예정이에요,0.1
가습기 청소 방법이 궁금해요,0.1
샐러드에 넣으면 좋은 재료가 궁금해요,0.1
이 셔츠는 색상이 참 마음에 들어요,0.1
바람이 많이 부니 모자를 챙기세요,0.1
차와 커피 중 어떤 음료를 더 좋아하시나요?,0.1
문서 파일 이름을 알아보기 쉽게 바꿨어요,0.1
제철 딸기를 사서 맛있게 먹었어요,0.1
온라인 강의를 들어 보려고 해요,0.1
세탁 세제의 적정 사용량을 알고 싶어요,0.1
세일 기간이 언제까지인지 궁금해요,0.1
아침 식사를 할 수 있는 곳이 있나요?,0.1
요즘 하늘이 정말 예뻐요,0.1
청소 후에는 창문을 열어 환기해요,0.1
예약 일정을 변경하는 방법이 궁금해요,0.1
영화관까지 가는 방법을 알려 주세요,0.1
오늘 기온에 맞는 옷차림을 알려 주세요,0.1
책상 위를 정리하니 공간이 넓어졌어요,0.1
비밀번호를 안전하게 관리하는 방법이 궁금해요,0.1
오늘 저녁 메뉴를 추천해 주세요,0.1
냉장고에 달걀과 두부가 있어요,0.1
냉장고에 있는 재료로 샐러드를 만들었어요,0.1
작은 목표부터 하나씩 실천하고 있어요,0.1
휴대전화 알림을 조용하게 설정하고 싶어요,0.1
주말 날씨를 확인해 주세요,0.1
주방 수납을 효율적으로 하는 방법은 무엇인가요?,0.1
매일 일기를 쓰는 좋은 방법이 궁금해요,0.1
여행용 가방은 어떤 크기가 적당한가요?,0.1
주말에 요리 수업을 들어 볼까 해요,0.1
주말에 볼 만한 코미디 영화가 있나요?,0.1
간단한 샐러드 조리법을 알려 주세요,0.1
향이 은은한 세제를 추천해 주세요,0.1
햇빛이 잘 드는 창가에 화분을 두었어요,0.1
좋은 사전을 추천해 주세요,0.1
작은 일에도 감사하는 마음을 가지려고 해요,0.1
비가 오기 전에 산책을 다녀오고 싶어요,0.1
요가를 처음 시작할 때 필요한 준비물이 있나요?,0.1
도자기 만들기 수업이 있는지 궁금해요,0.1
집에서 키보드 연습을 하고 있어요,0.1
어떤 소설이 재미있을까요?,0.1
김치볶음밥에 어떤 재료를 넣으면 맛있을까요?,0.1
최근에 나온 에세이가 궁금해요,0.1
아침마다 빵 굽는 냄새가 향긋하네요,0.1
오늘도 편안한 하루 보내세요,0.1
오늘은 방을 정리하고 싶어요,0.1
주말에 책을 한 권 읽고 싶어요,0.1
저녁 메뉴로 비빔밥은 어떨까요,0.1
걷기 운동은 하루에 얼마나 하면 좋을까요?,0.1
식물을 놓을 선반을 찾아보고 있어요,0.1
창가 좌석을 선택할 수 있나요?,0.1
간단한 종이접기 방법을 알려 주세요,0.1
냉장고 안을 정리하고 장을 봤어요,0.1
주문한 상품의 배송 상태를 확인해 주세요,0.1
버스 운행 시간을 확인해 주세요,0.1
하루 계획을 효율적으로 세우는 방법이 궁금해요,0.1
체크인 시간은 몇 시인가요?,0.1
이번에 개봉한 영화가 재미있어 보이네요,0.1
주말에 가족과 함께 할 수 있는 활동이 있나요?,0.1
아침마다 창문을 열어 환기하고 있어요,0.1
새로 나온 소설을 추천해 주세요,0.1
주말에 꽃꽂이를 해 보고 싶어요,0.1
기차표 예매 방법을 알려 주세요,0.1
파란색 펜을 하나 빌려도 될까요,0.1
가족과 함께 가기 좋은 식당을 알려 주세요,0.1
주말마다 다큐멘터리를 즐겨 봐요,0.1
집 안에 은은한 향기가 나요,0.1
편한 운동화를 추천해 주세요,0.1
친구에게 보내기 좋은 안부 인사를 알려 주세요,0.1
뜨개질에 필요한 준비물을 알려 주세요,0.1
가족과 함께 머물기 좋은 숙소가 있을까요?,0.1
아침마다 간단한 스트레칭을 해 보려고 해요,0.1
색상은 몇 가지로 준비되어 있나요?,0.1
가까운 꽃집의 위치를 알려 주세요,0.1
아늑한 분위기의 베이커리를 추천해 주세요,0.1
주방용품을 정리할 수납장이 필요해요,0.1
케이크 종류를 구경하고 싶어요,0.1
온라인 쇼핑몰에서 운동화를 고르고 있어요,0.1
생일 선물로 좋은 실용적인 물건은 무엇인가요?,0.1
좋은 하루를 위한 간단한 계획을 세워 주세요,0.1
규칙적인 생활 습관을 만들고 싶어요,0.1
포장 상태를 확인할 수 있나요?,0.1
작은 방을 넓어 보이게 꾸미고 싶어요,0.1
도서관 운영 시간을 확인하고 싶어요,0.1
최근에 재미있는 드라마를 보셨나요?,0.1
좋아하는 책을 읽으며 쉬고 있어요,0.1
다음 휴일에는 늦잠을 자고 싶어요,0.1
포장지가 예쁜 선물 가게를 알려 주세요,0.1
자격증 공부 계획을 세우고 싶어요,0.1
간단한 헤어스타일을 추천해 주세요,0.1
주말 계획을 천천히 세워 보려고 해요,0.1
예약 가능한 날짜를 확인해 주세요,0.1
오늘 저녁에는 어떤 메뉴가 좋을까요?,0.1
집중할 때 듣기 좋은 연주곡이 있나요?,0.1
생일 케이크를 예약하고 싶어요,0.1
오늘은 산책하기 좋은 날씨예요,0.1
주방에 필요한 그릇을 찾아보고 있어요,0.1
이 책은 어디에서 찾을 수 있나요,0.1
집 안을 깔끔하게 정리하고 싶어요,0.1
예쁜 포장지를 추천해 주세요,0.1
방을 깔끔하게 정리하는 방법이 궁금해요,0.1
사진을 클라우드에 저장하는 방법을 알려 주세요,0.1
단순한 메모를 빠르게 작성할 앱이 있을까요?,0.1
간단한 그림 그리기 방법을 알려 주세요,0.1
저녁 메뉴로 카레는 어떠세요?,0.1
눈의 피로를 줄이는 방법이 있을까요?,0.1
옷장을 효율적으로 정리하는 방법을 알려 주세요,0.1
옷장 안의 계절 옷을 바꾸었어요,0.1
오늘 저녁에는 천천히 걸어 볼까요?,0.1
새로운 앱을 설치하기 전에 확인할 점이 있나요?,0.1
영수증을 이메일로 받을 수 있나요?,0.1
영화관 간식으로 무엇이 맛있나요?,0.1
주소를 변경하려면 어떤 절차가 필요한가요?,0.1
좋아하는 배우가 새 작품에 출연했어요,0.1
오늘 우산을 챙기는 게 좋을까요?,0.1
책장에 책을 크기별로 정리했어요,0.1
동네 빵집의 오늘 메뉴가 궁금해요,0.1
입지 않는 옷을 정리하려고 해요,0.1
집에서 노래를 들으며 쉬고 있어요,0.1
바삭한 바게트가 먹고 싶네요,0.1
겨울에는 따뜻한 목도리가 필요해요,0.1
최근에 나온 앨범을 소개해 주세요,0.1
집에서 와이파이를 사용하는 방법이 궁금해요,0.1
아침에 알람을 몇 시로 맞추셨나요?,0.1
이번 주말에 자전거를 타고 싶어요,0.1
오늘 하루를 기분 좋게 마무리하고 싶어요,0.1
요즘 과일 가격이 어떻게 되나요?,0.1
작은 꽃다발을 주문할 수 있을까요?,0.1
배송 날짜를 확인하고 싶어요,0.1
시에 대해 이야기해 보고 싶어요,0.1
따뜻한 라테 한 잔 부탁드려요,0.1
미술관에서 어떤 작품이 가장 인상적이었나요,0.1
휴대전화 저장 공간을 정리하고 있어요,0.1
충전기 길이가 긴 제품을 찾고 있어요,0.1
좋아하는 계절은 언제인가요?,0.1
아이가 먹기 좋은 음식이 있나요?,0.1
이번 휴일에 바다를 보러 가고 싶어요,0.1
주말에 친구와 카페에서 만나기로 했어요,0.1
주말에 방문하기 좋은 박물관이 있나요?,0.1
책을 반납하는 날짜를 확인하고 싶어요,0.1
좌석을 고를 때 좋은 위치가 어디인가요?,0.1
분실한 물건이 접수되었는지 문의하고 싶어요,0.1
영화관에 팝콘과 음료를 함께 주문할 수 있나요?,0.1
영화 예매를 취소하는 방법을 알려 주세요,0.1
공공기관의 운영 시간을 알려 주세요,0.1
이메일 제목을 어떻게 작성하면 좋을까요,0.1
주말 저녁 영화 좌석이 남아 있나요?,0.1
수건을 햇볕에 말리고 있어요,0.1
편안한 하루를 위한 습관이 궁금해요,0.1
인터넷 속도를 확인하는 방법이 있나요?,0.1
맛있는 간식을 준비해 두었어요,0.1
초보자에게 적합한 악기가 궁금해요,0.1
컴퓨터 키보드를 청소하는 방법이 궁금해요,0.1
집에 화분을 하나 더 놓고 싶어요,0.1
저녁에는 기온이 얼마나 내려갈까요?,0.1
영어 단어를 쉽게 외우는 방법이 궁금해요,0.1
아이스티에 레몬을 넣어 주세요,0.1
꽃다발을 주문하려고 하는데 배달이 가능한가요?,0.1
주말에 맛있는 브런치를 먹고 싶어요,0.1
새로운 취미로 그림을 배워 보고 싶어요,0.1
인터넷 쇼핑몰의 운영 시간을 알려 주세요,0.1
주말 오후에 볼 만한 공연이 있나요?,0.1
새로운 머그컵에 차를 담아 마셨어요,0.1
집에서 즐거운 시간을 보내는 방법이 궁금해요,0.1
샐러드에 올리브유를 조금 넣었어요,0.1
가을에 방문하기 좋은 지역이 어디인가요?,0.1
이 카페는 디저트 종류가 다양하네요,0.1
아침에 상쾌하게 일어나는 방법이 궁금해요,0.1
공부할 때 집중하기 좋은 환경은 어떤 곳인가요?,0.1
전구를 교체하는 방법을 알려 주세요,0.1
영화관 좌석을 미리 고르고 싶어요,0.1
산책하기 좋은 길을 알려 주세요,0.1
채식 메뉴도 준비되어 있나요?,0.1
도서 반납 날짜를 확인하고 싶어요,0.1
영화관에서 상영 중인 작품을 알려 주세요,0.1
신선한 과일을 골라 담았어요,0.1
인터넷 쇼핑몰에서 운동화를 찾아보고 있어요,0.1
새로운 커튼을 달아 방 분위기를 바꾸고 싶어요,0.1
연필과 펜 중 무엇이 더 편리한가요?,0.1
따뜻한 햇살을 보니 기분이 좋아요,0.1
책상 위에 둘 작은 조명을 찾고 있어요,0.1
기차 안에서 인터넷을 사용할 수 있나요?,0.1
화분을 창가에 어떻게 배치하면 좋을까요?,0.1
화상 회의 시간을 확인했어요,0.1
주민센터 방문 예약 방법을 확인하고 싶어요,0.1
아침마다 창가에서 햇빛을 쬐어요,0.1
사진을 찍기 좋은 장소를 알려 주세요,0.1
편안한 자세로 앉는 방법을 알려 주세요,0.1
나무에 새잎이 돋아나고 있어요,0.1
새 휴대전화의 설정 방법을 알려 주세요,0.1
아침 식사가 포함된 숙소를 찾고 있어요,0.1
빵이 노릇하게 잘 구워졌어요,0.1
냉장고에 있는 재료로 무엇을 만들 수 있을까요?,0.1
요즘 어떤 음악을 자주 들으세요,0.1
좌석은 가운데 쪽이 편할 것 같아요,0.1
집에서 인터넷 속도를 확인해 보고 있어요,0.1
오늘 저녁 상영 시간표를 알려 주세요,0.1
주말에 가까운 공원으로 산책을 가고 싶어요,0.1
전자책을 읽을 수 있는 앱을 추천해 주세요,0.1
주소를 정확하게 입력했는지 살펴봤어요,0.1
아침 운동은 몇 분 정도가 적당한가요?,0.1
간단하게 만들 수 있는 파스타가 있나요?,0.1
미용실 예약 가능 시간을 알려 주세요,0.1
요리책 중에서 초보자에게 맞는 책이 있을까요?,0.1
기차 여행을 계획하고 있어요,0.1
회원 가입 없이 구매할 수 있나요?,0.1
계절마다 풍경이 달라서 즐거워요,0.1
주말에 볼 애니메이션을 찾고 있어요,0.1
책상에서 공부하기 좋은 음악을 알려 주세요,0.1
식탁에 예쁜 접시를 놓았어요,0.1
주변에 볼 만한 명소가 있나요?,0.1
주말 날씨가 좋으면 자전거를 탈 거예요,0.1
가벼운 우산을 하나 사고 싶어요,0.1
주문한 상품의 교환 절차를 알려 주세요,0.1
조용히 책 읽기 좋은 카페가 있나요?,0.1
집 안을 조금 정리해 보려고 해요,0.1
환불 절차를 안내해 주세요,0.1
좋아하는 간식은 무엇인가요?,0.1
요가 수업 시간을 확인하고 싶어요,0.1
근처 박물관의 휴관일을 알려 주세요,0.1
새로운 하루를 여유롭게 시작하고 싶어요,0.1
오늘은 일찍 잠자리에 들려고 해요,0.1
책장을 깔끔하게 정리하고 싶어요,0.1
편안한 운동화를 새로 사고 싶어요,0.1
좋아하는 가수의 새 앨범을 들었어요,0.1
여행 중 사용할 간단한 회화를 배우고 싶어요,0.1
프린터로 사진을 출력하고 싶어요,0.1
내일은 따뜻한 옷을 입는 게 좋겠어요,0.1
같은 제품의 다른 크기도 있나요?,0.1
소파에 쿠션을 하나 더 놓을까요,0.1
신선한 재료를 준비해 두었어요,0.1
과일을 조금 더 사 두면 좋겠어요,0.1
영화 예매 좌석을 변경할 수 있나요?,0.1
흰옷을 깨끗하게 세탁하는 방법이 궁금해요,0.1
새로운 다이어리를 고르는 중이에요,0.1
주말에 박물관을 방문해 보고 싶어요,0.1
재미있는 보드게임을 추천해 주세요,0.1
가을에 방문하기 좋은 산책길이 있을까요?,0.1
신발 세탁 서비스가 있나요?,0.1
식물 잎을 깨끗하게 관리하는 방법을 알려 주세요,0.1
점심으로 어떤 메뉴를 드실 예정인가요?,0.1
외국어 공부를 다시 시작하려고 해요,0.1
여행 준비물 목록을 알려 주세요,0.1
영화관 근처에 주차장이 있나요?,0.1
보드게임을 함께 즐기고 싶어요,0.1
여유로운 오후를 보내고 싶어요,0.1
여름에는 시원한 수박이 생각나요,0.1
아침 시간을 효율적으로 보내고 싶어요,0.1
선물용 머그컵을 추천해 주세요,0.1
자막이 있는 상영 회차를 찾고 있어요,0.1
오늘 기분에 어울리는 색을 골라 보세요,0.1
아침에 들으면 좋은 노래가 있나요?,0.1
화분에 물을 주는 간격이 궁금해요,0.1
반려식물에 물을 주는 주기를 알려 주세요,0.1
꽃이 많이 피는 계절은 언제인가요?,0.1
거실에 작은 조명을 추가했어요,0.1
창문이 있는 방을 예약하고 싶어요,0.1
책상 위를 정돈하는 좋은 방법이 있나요?,0.1
집에서 할 수 있는 취미에는 무엇이 있나요?,0.1
식물 잎이 노랗게 변하는 이유가 궁금해요,0.1
계절이 바뀌어 옷장을 정리했어요,0.1
사진을 클라우드에 저장했어요,0.1
온라인으로 영화 예매가 가능한가요?,0.1
오늘은 책을 읽으며 쉬고 싶어요,0.1
가볍게 걸을 수 있는 산책로가 있나요?,0.1
휴식 시간을 효율적으로 보내는 방법이 있나요?,0.1
아침에 활기를 더해 주는 노래를 알려 주세요,0.1
카페에서 창가 자리에 앉고 싶어요,0.1
주말에 열리는 플리마켓이 궁금해요,0.1
아이와 함께 갈 만한 박물관을 알려 주세요,0.1
계절이 지난 옷은 어떻게 보관하나요?,0.1
주문한 음료가 나오는 데 얼마나 걸리나요?,0.1
어떤 식물이 관리하기 쉬운가요,0.1
향초는 어떤 향이 가장 인기 있나요,0.1
휴대전화 배터리를 오래 사용하는 방법이 있나요?,0.1
편안한 운동복을 고르는 기준이 있나요?,0.1
모두 건강하고 평온한 하루 보내세요,0.1
파일을 다른 기기로 옮기는 쉬운 방법이 있나요?,0.1
문서 파일을 PDF로 저장하는 방법이 궁금해요,0.1
책상 위에 놓을 작은 조명을 찾고 있어요,0.1
오늘부터 독서를 시작하려고 해요,0.1
작은 텃밭을 시작하고 싶어요,0.1
기차표 예매가 잘 완료되었어요,0.1
새 노트에 계획을 적어 보려고 해요,0.1
영화 시작 시간이 몇 시인지 알려 주세요,0.1
주방 청소 순서를 알려 주세요,0.1
화상 통화에 필요한 준비물을 알려 주세요,0.1
세탁하기 편한 침구를 찾고 있어요,0.1
아침에 이불을 잘 개어 두었어요,0.1
장바구니에 담은 상품을 비교하고 있어요,0.1
여행용 가방의 크기를 확인해 주세요,0.1
초보자용 뜨개질 실을 알려 주세요,0.1
바다를 바라보며 쉬고 싶어요,0.1
따뜻한 수프가 먹고 싶은 저녁이에요,0.1
화상 통화 화면을 선명하게 설정하고 싶어요,0.1
디저트로 과일을 준비했어요,0.1
도서관에서 책을 예약하고 싶어요,0.1
감사한 마음을 전할 문장을 알려 주세요,0.1
사진을 찍기 좋은 장소를 추천해 주세요,0.1
아침마다 커피를 한 잔씩 마셔요,0.1
회원 가입 없이도 구매할 수 있나요?,0.1
영화관에서 코미디 영화를 예매하고 싶어요,0.1
책장을 새로 정돈했어요,0.1
그림 그리기를 배우면 재미있을 것 같아요,0.1
주방 수건을 새것으로 바꾸고 싶어요,0.1
여행용 가방은 어떤 크기가 편리한가요?,0.1
퍼즐을 맞추는 시간이 즐거워요,0.1
사진을 보며 즐거웠던 일을 이야기했어요,0.1
따뜻한 차를 마시면 마음이 편안해져요,0.1
햇살이 좋아서 산책하고 싶어요,0.1
최근에 출간된 에세이를 추천해 주세요,0.1
나무 그늘이 시원해서 좋았어요,0.1
영화관 좌석을 미리 선택할 수 있나요?,0.1
편안한 잠옷을 추천해 주세요,0.1
가벼운 스트레칭 방법을 알려 주세요,0.1
오늘은 계단을 이용해 보려고 해요,0.1
생일 선물을 고르고 있어요,0.1
주말에 집에서 영화를 보고 싶어요,0.1
저녁에는 가족과 함께 식사할 예정이에요,0.1
새로운 사람에게 보낼 생일 축하 문구가 필요해요,0.1
공항까지 가는 버스 시간표를 확인하고 싶어요,0.1
여행 가방을 효율적으로 싸는 방법이 궁금해요,0.1
사진 촬영을 잘하는 방법을 알려 주세요,0.1
숙소를 예약할 때 확인할 사항을 알려 주세요,0.1
새 달력을 벽에 걸고 싶어요,0.1
최근에 나온 소설을 추천해 주세요,0.1
요리한 음식을 예쁜 그릇에 담았어요,0.1
전자책을 읽을 수 있는 앱이 있나요?,0.1
조용한 산책로가 있는 여행지를 찾고 있어요,0.1
빨래가 햇볕에 잘 마르고 있어요,0.1
새로운 휴대전화 요금제를 알아보고 있어요,0.1
재미있는 드라마를 찾고 있어요,0.1
아침마다 가볍게 스트레칭을 하고 있어요,0.1
새로운 노트를 펼치니 기분이 좋아요,0.1
새 베개를 고를 때 무엇을 봐야 하나요?,0.1
피아노 연주를 배우고 싶어요,0.1
이 셔츠는 세탁이 가능한가요?,0.1
아침 식사로 먹기 좋은 메뉴가 궁금해요,0.1
책상 위에 놓을 조명을 찾고 있어요,0.1
휴대전화 배터리를 충전하고 있어요,0.1
국에 파를 넣으면 향이 좋아져요,0.1
물을 자주 주지 않아도 되는 화분이 있을까요?,0.1
조용한 음악을 들으며 쉬고 있어요,0.1
카페에서 노트북을 사용해도 될까요?,0.1
안경을 맞추는 데 얼마나 걸리나요?,0.1
오늘 배운 내용을 천천히 복습하려고 해요,0.1
근처에 맛있는 빵집이 어디에 있나요?,0.1
오늘은 하늘이 맑아서 기분이 좋네요,0.1
기차로 가기 좋은 여행지를 추천해 주세요,0.1
새로 나온 예고편을 봤어요,0.1
책상을 효율적으로 배치하고 싶어요,0.1
컴퓨터 화면 밝기를 조금 낮춰 주세요,0.1
주말 오후에 영화를 보려고 해요,0.1
자막이 있는 상영을 찾고 있어요,0.1
화분에 적합한 흙을 추천해 주세요,0.1
부드러운 색상의 셔츠가 마음에 들어요,0.1
공항까지 가는 대중교통을 알려 주세요,0.1
회의 일정은 오후 세 시예요,0.1
기타 초보 교재를 추천해 주세요,0.1
악기를 배울 수 있는 학원을 추천해 주세요,0.1
이번 주말에 당일치기 여행을 가고 싶어요,0.1
화면에서 본 색상과 실제 색상이 비슷한가요?,0.1
컴퓨터 파일을 깔끔하게 분류하고 싶어요,0.1
오전 일정은 모두 마무리했어요,0.1
집에서 그림을 그려 보고 싶어요,0.1
사진을 안전하게 보관하는 방법을 알려 주세요,0.1
창가 좌석으로 선택할 수 있을까요,0.1
프린터 사용 방법을 알려 주세요,0.1
책상 주변을 정돈하니 일이 잘돼요,0.1
오늘은 김밥을 주문할까 고민 중이에요,0.1
회원 가입 절차를 알려 주세요,0.1
어린이용 그림책을 추천해 주세요,0.1
예쁜 꽃다발을 주문하고 싶어요,0.1
자전거를 타기 좋은 공원이 있을까요?,0.1
여행지의 기온을 미리 확인하고 싶어요,0.1
선물 포장 서비스를 이용할 수 있나요?,0.1
컴퓨터 파일을 깔끔하게 정리하는 요령을 알려 주세요,0.1
아침으로 어떤 메뉴가 좋을까요?,0.1
간식으로 먹기 좋은 과일을 추천해 주세요,0.1
편안하게 들을 수 있는 음악을 알려 주세요,0.1
오늘 오후에 산책을 하고 싶어요,0.1
옷장 정리를 시작하려고 해요,0.1
향이 은은한 방향제를 추천해 주세요,0.1
사진을 클라우드에 저장하려면 어떻게 하나요?,0.1
봄에는 어떤 꽃이 가장 예쁜가요?,0.1
책을 대여하려면 무엇이 필요한가요?,0.1
비 오는 날 듣기 좋은 음악이 궁금해요,0.1
오늘 찍은 사진이 아주 잘 나왔어요,0.1
좌석 배치도를 미리 볼 수 있나요?,0.1
문자 메시지 알림을 조절하고 싶어요,0.1
새 컴퓨터를 고를 때 중요한 기준은 무엇인가요?,0.1
집에서 피자를 만들어 보고 싶어요,0.1
하늘 사진을 찍으니 색감이 예쁘게 나왔어요,0.1
공원에서 자전거를 빌릴 수 있을까요?,0.1
새로 나온 차를 한번 마셔 보고 싶어요,0.1
주방을 빠르게 청소하는 순서를 추천해 주세요,0.1
최근에 본 영화가 정말 인상적이었어요,0.1
자동이체 설정 방법이 궁금합니다,0.1
집에서 신기 좋은 슬리퍼를 사고 싶어요,0.1
가벼운 노트북을 추천해 주세요,0.1
퍼즐을 하면서 여유로운 시간을 보내고 싶어요,0.1
사진 촬영 기초를 배우고 싶습니다,0.1
자동이체를 신청하려면 어떤 서류가 필요한가요?,0.1
저녁에는 좋아하는 음악을 들을 거예요,0.1
오늘 장을 볼 목록을 적어 두었어요,0.1
요즘 아침 기온이 많이 낮아졌네요,0.1
꽃다발을 오래 보관하는 방법이 궁금해요,0.1
간단한 요리 수업을 찾아보고 있어요,0.1
아이와 함께 갈 수 있는 박물관을 알려 주세요,0.1
커피에 우유를 조금 넣어 주세요,0.1
파스타에 어떤 소스를 넣으면 맛있나요?,0.1
세탁기 사용 방법을 확인하고 있어요,0.1
아침에 먹기 좋은 시리얼을 추천해 주세요,0.1
새로운 소설을 읽으며 휴식하고 싶어요,0.1
이번 달에 열리는 전시회를 추천해 주세요,0.1
프린터 잉크를 교체하는 방법을 알려 주세요,0.1
냉장고 속 재료로 만들 수 있는 요리가 있을까요?,0.1
여행을 간다면 어디로 가고 싶으세요?,0.1
이 셔츠는 어떤 색상이 가장 인기 있나요,0.1
후식으로 아이스크림을 먹을까요,0.1
주말에는 집에서 푹 쉬고 싶어요,0.1
일기 예보를 확인해 보았어요,0.1
라테에 시럽을 추가할 수 있나요?,0.1
단어를 쉽게 외우는 요령이 있나요?,0.1
미술관 운영 시간을 알려 주세요,0.1
인터넷 연결 상태가 좋아졌어요,0.1
주말에 가까운 공원에 가고 싶어요,0.1
아침에 마시기 좋은 음료를 추천해 주세요,0.1
상품 색상을 변경할 수 있나요?,0.1
친구에게 보낼 생일 선물을 고르고 있어요,0.1
창가 좌석을 선택할 수 있을까요,0.1
집에서 만들기 쉬운 디저트를 알려 주세요,0.1
아침으로 어떤 음식을 드셨나요?,0.1
아침에 기분 좋게 일어나는 방법은 무엇인가요?,0.1
온라인 주문 상품은 언제 도착하나요?,0.1
오븐 없이 만들 수 있는 간식이 있을까요?,0.1
간단한 파스타 레시피를 추천해 주세요,0.1
편안한 의자에 앉아 잠시 쉬고 있어요,0.1
우산을 챙기는 것이 좋을까요?,0.1
좋은 음악을 추천해 주실 수 있나요?,0.1
주말에 갈 만한 근교 여행지를 추천해 주세요,0.1
오늘은 과일을 어떤 종류로 먹으면 좋을까요?,0.1
무료 배송 기준을 알려 주세요,0.1
운동 전에 먹기 좋은 간식이 궁금해요,0.1
집안 공기를 상쾌하게 하는 방법이 궁금해요,0.1
차가운 물을 한 잔 마시고 싶어요,0.1
가을 하늘이 정말 높아 보여요,0.1
오늘 저녁에는 가족과 함께 식사할 예정이에요,0.1
일기를 꾸준히 쓰는 방법이 있을까요?,0.1
저녁에는 바람이 조금 선선하겠어요,0.1
산책하기 좋은 시간대가 언제인가요?,0.1
집 근처 우체국의 운영 시간을 알려 주세요,0.1
기차표를 예매하는 방법을 알려 주세요,0.1
이불은 햇볕에 말리면 좋겠어요,0.1
화상 회의 배경을 깔끔하게 꾸몄어요,0.1
채식 메뉴가 있는 식당을 찾고 있어요,0.1
관광 안내소 위치를 알려 주세요,0.1
모바일 결제 사용 방법을 설명해 주세요,0.1
사과를 얇게 썰어 샐러드에 넣었어요,0.1
식탁에 냅킨을 준비해 주세요,0.1
무선 이어폰의 사용 방법을 알려 주세요,0.1
주말에 공원 산책을 하고 싶어요,0.1
내일은 조금 일찍 일어나 보려고 해요,0.1
새 휴대전화를 고를 때 중요한 기능은 무엇인가요?,0.1
요즘 그림 그리기에 관심이 생겼어요,0.1
생일 선물로 무엇이 좋을까요,0.1
집에서 사용할 공기청정기를 고르고 있어요,0.1
가벼운 배낭을 추천해 주세요,0.1
샌드위치에 넣으면 좋은 재료를 추천해 주세요,0.1
매일 영어 공부를 꾸준히 하는 방법이 궁금해요,0.1
새로운 카페를 찾아보는 일이 재미있어요,0.1
부담 없이 전할 수 있는 선물을 추천해 주세요,0.1
창문을 열어도 공기가 괜찮을까요?,0.1
저녁 메뉴로 김치볶음밥은 어떨까요?,0.1
잔잔한 피아노 곡을 알려 주세요,0.1
이곳의 대표 메뉴는 무엇인가요,0.1
내일은 기온이 조금 내려간다고 해요,0.1
요즘 일교차가 커서 옷차림을 고민하게 돼요,0.1
감사 카드를 직접 만들어 보고 싶어요,0.1
온라인으로 좌석을 예매할 수 있나요?,0.1
하루를 계획하는 간단한 방법을 알려 주세요,0.1
점심에 김밥을 먹는 건 어떨까요?,0.1
새로운 책을 읽고 싶습니다,0.1
식기세척기 관리 방법을 알려 주세요,0.1
지하철역까지 걸어서 얼마나 걸리나요,0.1
집 안을 환기하니 공기가 상쾌해요,0.1
냉장고에 있는 재료로 무엇을 만들까요,0.1
작은 화분을 선물하고 싶어요,0.1
창문을 깨끗하게 닦는 방법이 궁금해요,0.1
집중력을 높이는 공부 방법이 궁금해요,0.1
뜨개질을 처음 배우려면 무엇이 필요한가요?,0.1
아침 운동은 얼마나 하는 게 좋을까요?,0.1
숙소에 조식이 포함되어 있나요?,0.1
공항까지 가는 가장 편한 방법이 무엇인가요?,0.1
봄에 어울리는 가벼운 재킷을 찾고 있어요,0.1
아늑한 분위기의 카페를 추천해 주세요,0.1
아침 식사가 포함되어 있나요,0.1
무난한 디자인의 시계를 추천해 주세요,0.1
아침 일찍 문을 여는 카페가 있을까요?,0.1
제품의 크기를 확인하고 싶어요,0.1
냉장고에 있는 채소로 무엇을 만들 수 있나요?,0.1
숙소를 예약할 때 확인할 사항은 무엇인가요?,0.1
자전거를 타기 좋은 장소를 추천해 주세요,0.1
책상 위를 깔끔하게 정리했어요,0.1
포장 서비스를 이용할 수 있나요?,0.1
사진 촬영을 배울 수 있는 강좌가 있나요?,0.1
한글 맞춤법을 확인할 수 있는 사이트가 있나요?,0.1
감사한 마음을 담은 카드를 만들고 싶어요,0.1
온라인 강의를 찾아보고 있어요,0.1
기차표를 예매할 수 있는 시간을 알려 주세요,0.1
이 제품은 냉장 보관해야 하나요,0.1
이번 달에는 눈이 내릴 가능성이 있나요?,0.1
간단하게 만들 수 있는 파스타가 있을까요?,0.1
아침 알람을 몇 시로 맞추면 좋을까요?,0.1
여름 휴가를 준비할 때 필요한 목록을 만들어 주세요,0.1
오늘 날씨가 참 맑네요,0.1
운동 후에 시원한 물을 마셨어요,0.1
주말에 식물원에 가고 싶어요,0.1
편안한 베개를 추천해 주세요,0.1
세탁기 청소 주기를 알려 주세요,0.1
옷장을 계절별로 정리하고 싶어요,0.1
갓 구운 빵이 나오는 시간을 알고 싶어요,0.1
